{"train/loss": 0.2525525070372082, "_timestamp": 1744875041.8996315, "val/loss": 0.12985700492266636, "_runtime": 29.847236394882202, "_step": 2, "_wandb": {"runtime": 29}}