{"train/loss": 0.0612167935153144, "_timestamp": 1746471926.7758117, "val/loss": 0.02939596213400364, "_runtime": 38280.209010601044, "_step": 13, "_wandb": {"runtime": 39469}}