stage,environment,seed,episode_index,dataset_episode,start_step,goal_step,published_success,retrained_success
screen,ogb_cube,0,0,27,67,91,1,1
screen,ogb_cube,0,1,53,92,116,1,1
screen,ogb_cube,0,2,82,148,172,0,1
screen,ogb_cube,0,3,165,47,71,0,0
screen,ogb_cube,0,4,221,3,27,1,1
screen,ogb_cube,0,5,283,34,58,1,1
screen,ogb_cube,0,6,335,149,173,1,1
screen,ogb_cube,0,7,409,127,151,1,1
screen,ogb_cube,0,8,752,67,91,1,1
screen,ogb_cube,0,9,803,174,198,1,1
screen,ogb_cube,0,10,892,151,175,1,1
screen,ogb_cube,0,11,1242,145,169,1,1
screen,ogb_cube,0,12,1752,111,135,1,1
screen,ogb_cube,0,13,1756,94,118,1,1
screen,ogb_cube,0,14,2572,175,199,1,1
screen,ogb_cube,0,15,2697,139,163,1,1
screen,ogb_cube,0,16,2773,74,98,1,1
screen,ogb_cube,0,17,2997,17,41,0,0
screen,ogb_cube,0,18,3078,37,61,0,1
screen,ogb_cube,0,19,3941,76,100,1,1
screen,ogb_cube,0,20,4032,63,87,1,1
screen,ogb_cube,0,21,4226,148,172,1,1
screen,ogb_cube,0,22,4810,102,126,0,0
screen,ogb_cube,0,23,5036,28,52,0,1
screen,ogb_cube,0,24,5111,39,63,0,0
screen,ogb_cube,0,25,5256,29,53,1,1
screen,ogb_cube,0,26,5414,99,123,0,0
screen,ogb_cube,0,27,5436,26,50,0,0
screen,ogb_cube,0,28,5543,12,36,0,0
screen,ogb_cube,0,29,5599,12,36,0,0
screen,ogb_cube,0,30,6066,40,64,0,0
screen,ogb_cube,0,31,6153,149,173,1,1
screen,ogb_cube,0,32,6322,103,127,1,1
screen,ogb_cube,0,33,6369,77,101,1,1
screen,ogb_cube,0,34,6471,155,179,1,1
screen,ogb_cube,0,35,6494,1,25,1,1
screen,ogb_cube,0,36,6706,39,63,0,0
screen,ogb_cube,0,37,6708,115,139,1,1
screen,ogb_cube,0,38,7294,144,168,1,1
screen,ogb_cube,0,39,7296,82,106,1,1
screen,ogb_cube,0,40,7648,141,165,1,1
screen,ogb_cube,0,41,8132,90,114,1,1
screen,ogb_cube,0,42,8158,70,94,1,1
screen,ogb_cube,0,43,8465,115,139,1,1
screen,ogb_cube,0,44,8506,0,24,1,1
screen,ogb_cube,0,45,8573,162,186,1,1
screen,ogb_cube,0,46,8631,124,148,1,1
screen,ogb_cube,0,47,9127,62,86,1,1
screen,ogb_cube,0,48,9350,98,122,0,0
screen,ogb_cube,0,49,9707,40,64,1,1
screen,ogb_cube,1,0,198,39,63,0,0
screen,ogb_cube,1,1,275,103,127,0,0
screen,ogb_cube,1,2,348,90,114,1,1
screen,ogb_cube,1,3,620,35,59,0,0
screen,ogb_cube,1,4,857,66,90,1,1
screen,ogb_cube,1,5,1169,66,90,1,1
screen,ogb_cube,1,6,1239,29,53,1,1
screen,ogb_cube,1,7,1244,34,58,0,0
screen,ogb_cube,1,8,1340,71,95,1,1
screen,ogb_cube,1,9,1441,98,122,0,0
screen,ogb_cube,1,10,2034,94,118,1,1
screen,ogb_cube,1,11,2492,39,63,0,0
screen,ogb_cube,1,12,2569,152,176,1,1
screen,ogb_cube,1,13,2623,20,44,0,0
screen,ogb_cube,1,14,2731,111,135,0,0
screen,ogb_cube,1,15,2804,13,37,0,0
screen,ogb_cube,1,16,3031,160,184,1,1
screen,ogb_cube,1,17,3118,42,66,0,1
screen,ogb_cube,1,18,3297,47,71,0,0
screen,ogb_cube,1,19,3833,14,38,0,0
screen,ogb_cube,1,20,4031,16,40,0,0
screen,ogb_cube,1,21,4091,160,184,1,1
screen,ogb_cube,1,22,4233,30,54,1,1
screen,ogb_cube,1,23,4526,129,153,1,1
screen,ogb_cube,1,24,4534,163,187,1,1
screen,ogb_cube,1,25,4731,132,156,1,1
screen,ogb_cube,1,26,4851,157,181,1,1
screen,ogb_cube,1,27,4982,76,100,1,1
screen,ogb_cube,1,28,5022,96,120,0,0
screen,ogb_cube,1,29,5118,12,36,0,0
screen,ogb_cube,1,30,5381,61,85,1,1
screen,ogb_cube,1,31,5495,146,170,1,1
screen,ogb_cube,1,32,6438,29,53,1,1
screen,ogb_cube,1,33,7491,3,27,1,1
screen,ogb_cube,1,34,7503,107,131,0,0
screen,ogb_cube,1,35,7535,1,25,1,1
screen,ogb_cube,1,36,7551,82,106,1,1
screen,ogb_cube,1,37,7884,32,56,1,1
screen,ogb_cube,1,38,8175,57,81,0,1
screen,ogb_cube,1,39,8229,40,64,0,0
screen,ogb_cube,1,40,8276,149,173,1,1
screen,ogb_cube,1,41,8378,125,149,1,1
screen,ogb_cube,1,42,8655,129,153,1,1
screen,ogb_cube,1,43,8690,9,33,0,0
screen,ogb_cube,1,44,9038,113,137,1,1
screen,ogb_cube,1,45,9486,46,70,0,0
screen,ogb_cube,1,46,9504,67,91,1,1
screen,ogb_cube,1,47,9616,99,123,0,0
screen,ogb_cube,1,48,9768,168,192,1,1
screen,ogb_cube,1,49,9807,62,86,1,1
screen,ogb_cube,2,0,397,142,166,1,1
screen,ogb_cube,2,1,551,80,104,1,1
screen,ogb_cube,2,2,919,24,48,1,1
screen,ogb_cube,2,3,1093,4,28,1,1
screen,ogb_cube,2,4,1500,105,129,0,0
screen,ogb_cube,2,5,1872,90,114,1,1
screen,ogb_cube,2,6,1878,170,194,1,1
screen,ogb_cube,2,7,2013,84,108,1,1
screen,ogb_cube,2,8,2197,59,83,1,1
screen,ogb_cube,2,9,2616,8,32,1,1
screen,ogb_cube,2,10,2749,113,137,1,0
screen,ogb_cube,2,11,2984,146,170,1,1
screen,ogb_cube,2,12,3056,172,196,1,1
screen,ogb_cube,2,13,3181,81,105,1,1
screen,ogb_cube,2,14,3329,149,173,1,1
screen,ogb_cube,2,15,3348,132,156,1,1
screen,ogb_cube,2,16,3459,103,127,0,0
screen,ogb_cube,2,17,3801,119,143,1,1
screen,ogb_cube,2,18,3916,38,62,0,1
screen,ogb_cube,2,19,4138,5,29,1,1
screen,ogb_cube,2,20,4227,139,163,1,1
screen,ogb_cube,2,21,4326,42,66,0,0
screen,ogb_cube,2,22,4512,103,127,0,0
screen,ogb_cube,2,23,5110,112,136,1,1
screen,ogb_cube,2,24,5582,26,50,1,1
screen,ogb_cube,2,25,5622,99,123,0,0
screen,ogb_cube,2,26,5797,54,78,1,1
screen,ogb_cube,2,27,6000,152,176,1,1
screen,ogb_cube,2,28,6331,135,159,1,1
screen,ogb_cube,2,29,6574,37,61,0,0
screen,ogb_cube,2,30,6692,155,179,1,1
screen,ogb_cube,2,31,6787,4,28,1,1
screen,ogb_cube,2,32,6830,103,127,0,0
screen,ogb_cube,2,33,6924,99,123,0,0
screen,ogb_cube,2,34,7285,78,102,1,1
screen,ogb_cube,2,35,7491,118,142,1,1
screen,ogb_cube,2,36,7755,109,133,0,0
screen,ogb_cube,2,37,8131,124,148,1,1
screen,ogb_cube,2,38,8142,8,32,0,0
screen,ogb_cube,2,39,8375,90,114,1,1
screen,ogb_cube,2,40,8678,147,171,1,1
screen,ogb_cube,2,41,8770,42,66,0,0
screen,ogb_cube,2,42,8802,17,41,0,0
screen,ogb_cube,2,43,8912,11,35,0,0
screen,ogb_cube,2,44,9074,45,69,0,0
screen,ogb_cube,2,45,9349,72,96,1,1
screen,ogb_cube,2,46,9452,56,80,1,1
screen,ogb_cube,2,47,9674,45,69,0,0
screen,ogb_cube,2,48,9766,8,32,1,1
screen,ogb_cube,2,49,9928,65,89,1,1
screen,ogb_cube,42,0,638,29,53,0,1
screen,ogb_cube,42,1,679,34,58,0,0
screen,ogb_cube,42,2,859,76,100,1,1
screen,ogb_cube,42,3,892,85,109,1,1
screen,ogb_cube,42,4,921,61,85,1,1
screen,ogb_cube,42,5,941,132,156,1,1
screen,ogb_cube,42,6,1281,19,43,0,0
screen,ogb_cube,42,7,1652,49,73,1,1
screen,ogb_cube,42,8,1825,82,106,1,1
screen,ogb_cube,42,9,2014,113,137,0,0
screen,ogb_cube,42,10,2272,63,87,1,1
screen,ogb_cube,42,11,2767,101,125,0,0
screen,ogb_cube,42,12,3545,43,67,1,1
screen,ogb_cube,42,13,3707,161,185,1,1
screen,ogb_cube,42,14,4024,15,39,0,0
screen,ogb_cube,42,15,4330,6,30,1,1
screen,ogb_cube,42,16,4388,117,141,1,1
screen,ogb_cube,42,17,4434,15,39,0,0
screen,ogb_cube,42,18,4456,152,176,1,1
screen,ogb_cube,42,19,4503,137,161,1,1
screen,ogb_cube,42,20,4504,95,119,1,1
screen,ogb_cube,42,21,5003,76,100,1,1
screen,ogb_cube,42,22,5132,29,53,0,0
screen,ogb_cube,42,23,5264,117,141,1,1
screen,ogb_cube,42,24,5454,39,63,0,0
screen,ogb_cube,42,25,5545,139,163,1,1
screen,ogb_cube,42,26,6316,106,130,1,1
screen,ogb_cube,42,27,6438,98,122,0,0
screen,ogb_cube,42,28,6545,94,118,1,1
screen,ogb_cube,42,29,6779,32,56,1,0
screen,ogb_cube,42,30,6973,89,113,1,1
screen,ogb_cube,42,31,7005,34,58,0,0
screen,ogb_cube,42,32,7174,110,134,1,1
screen,ogb_cube,42,33,7357,64,88,1,1
screen,ogb_cube,42,34,7580,147,171,1,1
screen,ogb_cube,42,35,7611,41,65,1,1
screen,ogb_cube,42,36,7739,60,84,0,1
screen,ogb_cube,42,37,7783,146,170,1,0
screen,ogb_cube,42,38,7815,98,122,0,0
screen,ogb_cube,42,39,7860,85,109,1,1
screen,ogb_cube,42,40,8227,89,113,1,1
screen,ogb_cube,42,41,8276,44,68,1,1
screen,ogb_cube,42,42,8397,58,82,1,1
screen,ogb_cube,42,43,8582,148,172,1,1
screen,ogb_cube,42,44,8585,133,157,1,1
screen,ogb_cube,42,45,8878,143,167,1,1
screen,ogb_cube,42,46,8931,34,58,1,0
screen,ogb_cube,42,47,9267,89,113,1,1
screen,ogb_cube,42,48,9706,167,191,1,1
screen,ogb_cube,42,49,9756,1,25,1,1
screen,ogb_cube,100,0,34,161,185,1,1
screen,ogb_cube,100,1,429,88,112,1,1
screen,ogb_cube,100,2,802,107,131,0,0
screen,ogb_cube,100,3,1241,131,155,1,1
screen,ogb_cube,100,4,1264,53,77,1,1
screen,ogb_cube,100,5,1285,75,99,1,1
screen,ogb_cube,100,6,1417,141,165,1,1
screen,ogb_cube,100,7,1446,48,72,0,0
screen,ogb_cube,100,8,1899,155,179,1,1
screen,ogb_cube,100,9,2279,49,73,1,1
screen,ogb_cube,100,10,2847,62,86,1,1
screen,ogb_cube,100,11,2888,98,122,0,0
screen,ogb_cube,100,12,3219,43,67,0,0
screen,ogb_cube,100,13,3224,39,63,0,0
screen,ogb_cube,100,14,3935,117,141,1,1
screen,ogb_cube,100,15,4118,122,146,1,1
screen,ogb_cube,100,16,4309,69,93,1,1
screen,ogb_cube,100,17,4434,103,127,0,0
screen,ogb_cube,100,18,4487,44,68,0,0
screen,ogb_cube,100,19,4941,103,127,0,0
screen,ogb_cube,100,20,5019,73,97,1,1
screen,ogb_cube,100,21,5055,32,56,0,0
screen,ogb_cube,100,22,5352,74,98,1,1
screen,ogb_cube,100,23,5721,43,67,1,1
screen,ogb_cube,100,24,5810,50,74,1,1
screen,ogb_cube,100,25,5878,67,91,1,1
screen,ogb_cube,100,26,5964,102,126,0,0
screen,ogb_cube,100,27,5965,67,91,1,1
screen,ogb_cube,100,28,5999,9,33,0,0
screen,ogb_cube,100,29,6292,113,137,1,1
screen,ogb_cube,100,30,6871,165,189,1,1
screen,ogb_cube,100,31,6881,73,97,1,1
screen,ogb_cube,100,32,7191,22,46,0,0
screen,ogb_cube,100,33,7242,96,120,1,1
screen,ogb_cube,100,34,7668,110,134,1,1
screen,ogb_cube,100,35,7710,29,53,1,1
screen,ogb_cube,100,36,7742,76,100,1,1
screen,ogb_cube,100,37,7902,81,105,1,1
screen,ogb_cube,100,38,8011,108,132,1,0
screen,ogb_cube,100,39,8349,102,126,0,0
screen,ogb_cube,100,40,8621,141,165,1,1
screen,ogb_cube,100,41,8826,51,75,1,1
screen,ogb_cube,100,42,9103,37,61,1,0
screen,ogb_cube,100,43,9248,44,68,1,1
screen,ogb_cube,100,44,9472,9,33,0,0
screen,ogb_cube,100,45,9736,55,79,1,1
screen,ogb_cube,100,46,9786,31,55,1,0
screen,ogb_cube,100,47,9814,110,134,1,1
screen,ogb_cube,100,48,9957,118,142,1,1
screen,ogb_cube,100,49,9976,122,146,0,1
screen,reacher,0,0,27,67,91,1,1
screen,reacher,0,1,53,92,116,1,1
screen,reacher,0,2,82,148,172,1,1
screen,reacher,0,3,165,47,71,1,1
screen,reacher,0,4,221,3,27,1,1
screen,reacher,0,5,283,34,58,1,1
screen,reacher,0,6,335,149,173,1,1
screen,reacher,0,7,409,127,151,1,1
screen,reacher,0,8,752,67,91,1,1
screen,reacher,0,9,803,174,198,1,1
screen,reacher,0,10,892,151,175,1,1
screen,reacher,0,11,1242,145,169,1,1
screen,reacher,0,12,1752,111,135,1,1
screen,reacher,0,13,1756,94,118,1,1
screen,reacher,0,14,2572,175,199,1,1
screen,reacher,0,15,2697,139,163,1,1
screen,reacher,0,16,2773,74,98,1,1
screen,reacher,0,17,2997,17,41,1,1
screen,reacher,0,18,3078,37,61,1,1
screen,reacher,0,19,3941,76,100,1,1
screen,reacher,0,20,4032,63,87,1,1
screen,reacher,0,21,4226,148,172,1,1
screen,reacher,0,22,4810,102,126,1,1
screen,reacher,0,23,5036,28,52,1,1
screen,reacher,0,24,5111,39,63,1,1
screen,reacher,0,25,5256,29,53,1,1
screen,reacher,0,26,5414,99,123,1,1
screen,reacher,0,27,5436,26,50,1,1
screen,reacher,0,28,5543,12,36,1,1
screen,reacher,0,29,5599,12,36,1,1
screen,reacher,0,30,6066,40,64,1,1
screen,reacher,0,31,6153,149,173,1,1
screen,reacher,0,32,6322,103,127,1,1
screen,reacher,0,33,6369,77,101,1,1
screen,reacher,0,34,6471,155,179,1,1
screen,reacher,0,35,6494,1,25,1,1
screen,reacher,0,36,6706,39,63,1,1
screen,reacher,0,37,6708,115,139,1,1
screen,reacher,0,38,7294,144,168,1,1
screen,reacher,0,39,7296,82,106,1,1
screen,reacher,0,40,7648,141,165,1,1
screen,reacher,0,41,8132,90,114,1,1
screen,reacher,0,42,8158,70,94,1,1
screen,reacher,0,43,8465,115,139,1,0
screen,reacher,0,44,8506,0,24,1,1
screen,reacher,0,45,8573,162,186,1,1
screen,reacher,0,46,8631,124,148,1,1
screen,reacher,0,47,9127,62,86,1,1
screen,reacher,0,48,9350,98,122,1,1
screen,reacher,0,49,9707,40,64,1,1
screen,reacher,1,0,198,39,63,1,1
screen,reacher,1,1,275,103,127,1,1
screen,reacher,1,2,348,90,114,1,1
screen,reacher,1,3,620,35,59,1,1
screen,reacher,1,4,857,66,90,1,1
screen,reacher,1,5,1169,66,90,1,1
screen,reacher,1,6,1239,29,53,1,1
screen,reacher,1,7,1244,34,58,1,1
screen,reacher,1,8,1340,71,95,1,1
screen,reacher,1,9,1441,98,122,1,1
screen,reacher,1,10,2034,94,118,1,1
screen,reacher,1,11,2492,39,63,1,1
screen,reacher,1,12,2569,152,176,1,1
screen,reacher,1,13,2623,20,44,1,1
screen,reacher,1,14,2731,111,135,1,0
screen,reacher,1,15,2804,13,37,1,1
screen,reacher,1,16,3031,160,184,1,1
screen,reacher,1,17,3118,42,66,1,1
screen,reacher,1,18,3297,47,71,1,1
screen,reacher,1,19,3833,14,38,0,1
screen,reacher,1,20,4031,16,40,1,1
screen,reacher,1,21,4091,160,184,1,1
screen,reacher,1,22,4233,30,54,1,1
screen,reacher,1,23,4526,129,153,1,1
screen,reacher,1,24,4534,163,187,1,1
screen,reacher,1,25,4731,132,156,1,1
screen,reacher,1,26,4851,157,181,1,1
screen,reacher,1,27,4982,76,100,1,1
screen,reacher,1,28,5022,96,120,1,1
screen,reacher,1,29,5118,12,36,1,1
screen,reacher,1,30,5381,61,85,1,1
screen,reacher,1,31,5495,146,170,1,1
screen,reacher,1,32,6438,29,53,1,1
screen,reacher,1,33,7491,3,27,1,1
screen,reacher,1,34,7503,107,131,1,1
screen,reacher,1,35,7535,1,25,1,1
screen,reacher,1,36,7551,82,106,1,1
screen,reacher,1,37,7884,32,56,1,1
screen,reacher,1,38,8175,57,81,1,1
screen,reacher,1,39,8229,40,64,1,1
screen,reacher,1,40,8276,149,173,1,1
screen,reacher,1,41,8378,125,149,1,1
screen,reacher,1,42,8655,129,153,1,1
screen,reacher,1,43,8690,9,33,1,1
screen,reacher,1,44,9038,113,137,1,1
screen,reacher,1,45,9486,46,70,1,1
screen,reacher,1,46,9504,67,91,1,1
screen,reacher,1,47,9616,99,123,1,1
screen,reacher,1,48,9768,168,192,1,1
screen,reacher,1,49,9807,62,86,1,1
screen,reacher,2,0,397,142,166,1,1
screen,reacher,2,1,551,80,104,1,1
screen,reacher,2,2,919,24,48,1,1
screen,reacher,2,3,1093,4,28,1,1
screen,reacher,2,4,1500,105,129,1,1
screen,reacher,2,5,1872,90,114,1,1
screen,reacher,2,6,1878,170,194,1,0
screen,reacher,2,7,2013,84,108,1,1
screen,reacher,2,8,2197,59,83,1,1
screen,reacher,2,9,2616,8,32,1,1
screen,reacher,2,10,2749,113,137,1,1
screen,reacher,2,11,2984,146,170,0,1
screen,reacher,2,12,3056,172,196,1,1
screen,reacher,2,13,3181,81,105,1,1
screen,reacher,2,14,3329,149,173,1,1
screen,reacher,2,15,3348,132,156,1,1
screen,reacher,2,16,3459,103,127,1,1
screen,reacher,2,17,3801,119,143,1,1
screen,reacher,2,18,3916,38,62,1,1
screen,reacher,2,19,4138,5,29,1,1
screen,reacher,2,20,4227,139,163,1,0
screen,reacher,2,21,4326,42,66,1,1
screen,reacher,2,22,4512,103,127,1,1
screen,reacher,2,23,5110,112,136,1,1
screen,reacher,2,24,5582,26,50,1,1
screen,reacher,2,25,5622,99,123,1,1
screen,reacher,2,26,5797,54,78,1,1
screen,reacher,2,27,6000,152,176,1,1
screen,reacher,2,28,6331,135,159,1,1
screen,reacher,2,29,6574,37,61,1,1
screen,reacher,2,30,6692,155,179,1,1
screen,reacher,2,31,6787,4,28,1,1
screen,reacher,2,32,6830,103,127,1,1
screen,reacher,2,33,6924,99,123,1,1
screen,reacher,2,34,7285,78,102,1,1
screen,reacher,2,35,7491,118,142,1,1
screen,reacher,2,36,7755,109,133,1,1
screen,reacher,2,37,8131,124,148,1,1
screen,reacher,2,38,8142,8,32,1,1
screen,reacher,2,39,8375,90,114,1,1
screen,reacher,2,40,8678,147,171,1,1
screen,reacher,2,41,8770,42,66,1,1
screen,reacher,2,42,8802,17,41,1,1
screen,reacher,2,43,8912,11,35,1,1
screen,reacher,2,44,9074,45,69,0,0
screen,reacher,2,45,9349,72,96,1,1
screen,reacher,2,46,9452,56,80,1,1
screen,reacher,2,47,9674,45,69,1,1
screen,reacher,2,48,9766,8,32,1,1
screen,reacher,2,49,9928,65,89,1,1
screen,reacher,42,0,638,29,53,1,1
screen,reacher,42,1,679,34,58,1,1
screen,reacher,42,2,859,76,100,1,1
screen,reacher,42,3,892,85,109,1,1
screen,reacher,42,4,921,61,85,1,1
screen,reacher,42,5,941,132,156,1,1
screen,reacher,42,6,1281,19,43,0,0
screen,reacher,42,7,1652,49,73,1,1
screen,reacher,42,8,1825,82,106,1,1
screen,reacher,42,9,2014,113,137,1,1
screen,reacher,42,10,2272,63,87,1,1
screen,reacher,42,11,2767,101,125,1,1
screen,reacher,42,12,3545,43,67,1,1
screen,reacher,42,13,3707,161,185,1,1
screen,reacher,42,14,4024,15,39,1,1
screen,reacher,42,15,4330,6,30,1,1
screen,reacher,42,16,4388,117,141,1,1
screen,reacher,42,17,4434,15,39,1,1
screen,reacher,42,18,4456,152,176,1,1
screen,reacher,42,19,4503,137,161,1,1
screen,reacher,42,20,4504,95,119,1,1
screen,reacher,42,21,5003,76,100,1,1
screen,reacher,42,22,5132,29,53,1,1
screen,reacher,42,23,5264,117,141,1,1
screen,reacher,42,24,5454,39,63,1,1
screen,reacher,42,25,5545,139,163,1,1
screen,reacher,42,26,6316,106,130,1,1
screen,reacher,42,27,6438,98,122,1,1
screen,reacher,42,28,6545,94,118,0,1
screen,reacher,42,29,6779,32,56,1,1
screen,reacher,42,30,6973,89,113,1,1
screen,reacher,42,31,7005,34,58,1,0
screen,reacher,42,32,7174,110,134,1,1
screen,reacher,42,33,7357,64,88,1,1
screen,reacher,42,34,7580,147,171,1,1
screen,reacher,42,35,7611,41,65,1,1
screen,reacher,42,36,7739,60,84,1,1
screen,reacher,42,37,7783,146,170,0,1
screen,reacher,42,38,7815,98,122,1,1
screen,reacher,42,39,7860,85,109,1,1
screen,reacher,42,40,8227,89,113,1,1
screen,reacher,42,41,8276,44,68,1,1
screen,reacher,42,42,8397,58,82,1,1
screen,reacher,42,43,8582,148,172,1,1
screen,reacher,42,44,8585,133,157,0,0
screen,reacher,42,45,8878,143,167,1,1
screen,reacher,42,46,8931,34,58,1,1
screen,reacher,42,47,9267,89,113,1,1
screen,reacher,42,48,9706,167,191,0,1
screen,reacher,42,49,9756,1,25,1,1
screen,reacher,100,0,34,161,185,1,1
screen,reacher,100,1,429,88,112,1,1
screen,reacher,100,2,802,107,131,1,1
screen,reacher,100,3,1241,131,155,1,1
screen,reacher,100,4,1264,53,77,1,1
screen,reacher,100,5,1285,75,99,1,1
screen,reacher,100,6,1417,141,165,1,0
screen,reacher,100,7,1446,48,72,1,1
screen,reacher,100,8,1899,155,179,1,1
screen,reacher,100,9,2279,49,73,0,1
screen,reacher,100,10,2847,62,86,1,1
screen,reacher,100,11,2888,98,122,1,1
screen,reacher,100,12,3219,43,67,1,1
screen,reacher,100,13,3224,39,63,1,1
screen,reacher,100,14,3935,117,141,1,1
screen,reacher,100,15,4118,122,146,1,1
screen,reacher,100,16,4309,69,93,1,1
screen,reacher,100,17,4434,103,127,1,1
screen,reacher,100,18,4487,44,68,1,1
screen,reacher,100,19,4941,103,127,1,1
screen,reacher,100,20,5019,73,97,1,1
screen,reacher,100,21,5055,32,56,1,1
screen,reacher,100,22,5352,74,98,1,1
screen,reacher,100,23,5721,43,67,1,1
screen,reacher,100,24,5810,50,74,1,1
screen,reacher,100,25,5878,67,91,1,1
screen,reacher,100,26,5964,102,126,1,1
screen,reacher,100,27,5965,67,91,1,1
screen,reacher,100,28,5999,9,33,1,1
screen,reacher,100,29,6292,113,137,1,1
screen,reacher,100,30,6871,165,189,1,1
screen,reacher,100,31,6881,73,97,1,1
screen,reacher,100,32,7191,22,46,1,1
screen,reacher,100,33,7242,96,120,1,1
screen,reacher,100,34,7668,110,134,1,0
screen,reacher,100,35,7710,29,53,1,1
screen,reacher,100,36,7742,76,100,1,1
screen,reacher,100,37,7902,81,105,1,1
screen,reacher,100,38,8011,108,132,1,1
screen,reacher,100,39,8349,102,126,1,1
screen,reacher,100,40,8621,141,165,1,1
screen,reacher,100,41,8826,51,75,1,1
screen,reacher,100,42,9103,37,61,1,1
screen,reacher,100,43,9248,44,68,1,1
screen,reacher,100,44,9472,9,33,1,1
screen,reacher,100,45,9736,55,79,1,1
screen,reacher,100,46,9786,31,55,1,1
screen,reacher,100,47,9814,110,134,1,1
screen,reacher,100,48,9957,118,142,1,0
screen,reacher,100,49,9976,122,146,1,1
screen,pusht,0,0,60,79,103,1,1
screen,pusht,0,1,115,39,63,0,1
screen,pusht,0,2,167,8,32,1,1
screen,pusht,0,3,355,82,106,1,1
screen,pusht,0,4,512,12,36,1,1
screen,pusht,0,5,622,15,39,1,1
screen,pusht,0,6,696,18,42,1,1
screen,pusht,0,7,822,26,50,0,1
screen,pusht,0,8,1424,10,34,1,1
screen,pusht,0,9,1546,89,113,1,1
screen,pusht,0,10,1695,16,40,1,1
screen,pusht,0,11,2503,46,70,1,1
screen,pusht,0,12,3370,27,51,0,1
screen,pusht,0,13,3376,85,109,1,1
screen,pusht,0,14,4864,87,111,1,1
screen,pusht,0,15,5042,107,131,1,1
screen,pusht,0,16,5130,78,102,1,1
screen,pusht,0,17,5530,24,48,1,1
screen,pusht,0,18,5761,0,24,1,1
screen,pusht,0,19,7456,3,27,1,1
screen,pusht,0,20,7589,67,91,1,1
screen,pusht,0,21,8058,94,118,1,1
screen,pusht,0,22,9147,77,101,1,1
screen,pusht,0,23,9662,73,97,1,1
screen,pusht,0,24,9826,11,35,1,1
screen,pusht,0,25,10107,154,178,1,1
screen,pusht,0,26,10314,101,125,1,1
screen,pusht,0,27,10349,42,66,1,1
screen,pusht,0,28,10486,19,43,0,0
screen,pusht,0,29,10630,51,75,1,1
screen,pusht,0,30,11362,152,176,0,0
screen,pusht,0,31,11480,13,37,0,1
screen,pusht,0,32,11786,44,68,1,1
screen,pusht,0,33,11931,85,109,1,1
screen,pusht,0,34,12096,52,76,1,1
screen,pusht,0,35,12130,58,82,1,1
screen,pusht,0,36,12499,25,49,1,1
screen,pusht,0,37,12507,17,41,1,1
screen,pusht,0,38,13460,60,84,0,0
screen,pusht,0,39,13463,88,112,1,1
screen,pusht,0,40,14170,78,102,1,1
screen,pusht,0,41,15125,108,132,1,1
screen,pusht,0,42,15165,88,112,1,1
screen,pusht,0,43,15810,45,69,1,1
screen,pusht,0,44,15905,58,82,1,1
screen,pusht,0,45,16005,0,24,1,0
screen,pusht,0,46,16073,133,157,1,1
screen,pusht,0,47,16993,27,51,1,1
screen,pusht,0,48,17353,152,176,1,1
screen,pusht,0,49,17939,94,118,0,0
screen,pusht,1,0,424,22,46,1,1
screen,pusht,1,1,611,55,79,1,1
screen,pusht,1,2,716,23,47,1,1
screen,pusht,1,3,1195,69,93,1,1
screen,pusht,1,4,1635,103,127,1,1
screen,pusht,1,5,2306,100,124,1,1
screen,pusht,1,6,2495,17,41,0,0
screen,pusht,1,7,2506,56,80,1,1
screen,pusht,1,8,2734,16,40,1,1
screen,pusht,1,9,2929,148,172,1,1
screen,pusht,1,10,3864,107,131,1,1
screen,pusht,1,11,4742,5,29,1,0
screen,pusht,1,12,4859,102,126,1,1
screen,pusht,1,13,4942,98,122,0,1
screen,pusht,1,14,5082,90,114,1,1
screen,pusht,1,15,5169,100,124,1,1
screen,pusht,1,16,5664,25,49,1,1
screen,pusht,1,17,5856,73,97,0,1
screen,pusht,1,18,6147,68,92,1,1
screen,pusht,1,19,7253,23,47,1,1
screen,pusht,1,20,7586,82,106,1,1
screen,pusht,1,21,7724,52,76,1,1
screen,pusht,1,22,8069,34,58,0,1
screen,pusht,1,23,8540,9,33,1,1
screen,pusht,1,24,8559,21,45,0,1
screen,pusht,1,25,8939,85,109,1,1
screen,pusht,1,26,9233,67,91,1,1
screen,pusht,1,27,9555,95,119,1,1
screen,pusht,1,28,9632,47,71,1,1
screen,pusht,1,29,9838,68,92,1,1
screen,pusht,1,30,10265,106,130,1,1
screen,pusht,1,31,10432,98,122,1,1
screen,pusht,1,32,12047,21,45,1,1
screen,pusht,1,33,13911,15,39,1,1
screen,pusht,1,34,13937,81,105,1,1
screen,pusht,1,35,13976,126,150,1,1
screen,pusht,1,36,13997,34,58,0,1
screen,pusht,1,37,14561,9,33,1,1
screen,pusht,1,38,15190,27,51,1,1
screen,pusht,1,39,15282,5,29,0,0
screen,pusht,1,40,15437,43,67,1,1
screen,pusht,1,41,15681,152,176,1,1
screen,pusht,1,42,16099,154,178,1,1
screen,pusht,1,43,16137,35,59,1,1
screen,pusht,1,44,16731,7,31,1,1
screen,pusht,1,45,17626,75,99,1,1
screen,pusht,1,46,17654,75,99,1,1
screen,pusht,1,47,17817,103,127,1,1
screen,pusht,1,48,18091,1,25,0,1
screen,pusht,1,49,18192,25,49,1,1
screen,pusht,2,0,808,38,62,1,1
screen,pusht,2,1,1040,47,71,1,1
screen,pusht,2,2,1754,61,85,1,1
screen,pusht,2,3,2136,43,67,1,1
screen,pusht,2,4,2979,137,161,1,1
screen,pusht,2,5,3607,50,74,1,1
screen,pusht,2,6,3619,33,57,1,1
screen,pusht,2,7,3837,27,51,1,1
screen,pusht,2,8,4106,78,102,1,1
screen,pusht,2,9,4909,27,51,1,1
screen,pusht,2,10,4931,97,121,1,1
screen,pusht,2,11,5103,33,57,1,1
screen,pusht,2,12,5499,26,50,1,1
screen,pusht,2,13,5716,31,55,1,1
screen,pusht,2,14,5953,52,76,1,1
screen,pusht,2,15,6196,69,93,1,1
screen,pusht,2,16,6227,7,31,1,1
screen,pusht,2,17,6498,26,50,1,1
screen,pusht,2,18,7194,53,77,1,1
screen,pusht,2,19,7403,59,83,1,1
screen,pusht,2,20,7884,16,40,1,1
screen,pusht,2,21,8060,45,69,1,1
screen,pusht,2,22,8229,122,146,1,1
screen,pusht,2,23,8507,4,28,1,1
screen,pusht,2,24,9825,2,26,1,1
screen,pusht,2,25,10605,13,37,0,1
screen,pusht,2,26,10665,68,92,0,1
screen,pusht,2,27,10968,35,59,1,1
screen,pusht,2,28,11284,125,149,0,1
screen,pusht,2,29,11803,62,86,1,1
screen,pusht,2,30,12261,47,71,1,1
screen,pusht,2,31,12456,26,50,1,1
screen,pusht,2,32,12600,3,27,0,1
screen,pusht,2,33,12730,8,32,1,1
screen,pusht,2,34,12873,15,39,1,1
screen,pusht,2,35,13441,74,98,0,1
screen,pusht,2,36,13912,51,75,1,1
screen,pusht,2,37,14367,39,63,1,1
screen,pusht,2,38,15124,75,99,1,1
screen,pusht,2,39,15141,19,43,0,1
screen,pusht,2,40,15678,96,120,1,1
screen,pusht,2,41,16125,1,25,0,0
screen,pusht,2,42,16214,54,78,1,1
screen,pusht,2,43,16243,95,119,1,1
screen,pusht,2,44,16482,59,83,1,1
screen,pusht,2,45,17352,116,140,1,1
screen,pusht,2,46,17574,21,45,1,1
screen,pusht,2,47,17884,35,59,1,1
screen,pusht,2,48,18083,17,41,0,1
screen,pusht,2,49,18527,58,82,1,1
screen,pusht,42,0,1235,36,60,1,1
screen,pusht,42,1,1316,129,153,1,1
screen,pusht,42,2,1639,40,64,1,1
screen,pusht,42,3,1694,59,83,1,1
screen,pusht,42,4,1761,19,43,1,1
screen,pusht,42,5,1820,13,37,1,1
screen,pusht,42,6,2635,114,138,1,1
screen,pusht,42,7,3184,115,139,1,1
screen,pusht,42,8,3517,2,26,1,1
screen,pusht,42,9,3838,133,157,1,1
screen,pusht,42,10,4299,20,44,1,1
screen,pusht,42,11,5123,126,150,1,1
screen,pusht,42,12,6651,49,73,1,1
screen,pusht,42,13,6983,65,89,1,1
screen,pusht,42,14,7572,116,140,0,0
screen,pusht,42,15,8235,10,34,1,1
screen,pusht,42,16,8313,130,154,1,1
screen,pusht,42,17,8373,101,125,1,1
screen,pusht,42,18,8408,89,113,1,1
screen,pusht,42,19,8486,37,61,0,1
screen,pusht,42,20,8488,20,44,1,1
screen,pusht,42,21,9591,26,50,1,1
screen,pusht,42,22,9864,50,74,1,1
screen,pusht,42,23,10117,135,159,1,1
screen,pusht,42,24,10378,28,52,1,1
screen,pusht,42,25,10489,33,57,1,1
screen,pusht,42,26,11775,25,49,1,1
screen,pusht,42,27,12047,95,119,1,1
screen,pusht,42,28,12221,46,70,1,1
screen,pusht,42,29,12591,155,179,1,1
screen,pusht,42,30,12961,25,49,1,1
screen,pusht,42,31,13029,32,56,1,1
screen,pusht,42,32,13303,72,96,0,1
screen,pusht,42,33,13586,35,59,1,1
screen,pusht,42,34,14033,87,111,1,1
screen,pusht,42,35,14108,35,59,1,1
screen,pusht,42,36,14327,27,51,1,1
screen,pusht,42,37,14432,47,71,1,1
screen,pusht,42,38,14474,98,122,1,0
screen,pusht,42,39,14526,126,150,1,1
screen,pusht,42,40,15277,42,66,1,1
screen,pusht,42,41,15435,19,43,1,1
screen,pusht,42,42,15701,33,57,1,1
screen,pusht,42,43,16015,137,161,1,1
screen,pusht,42,44,16019,72,96,1,1
screen,pusht,42,45,16399,75,99,1,1
screen,pusht,42,46,16532,35,59,1,1
screen,pusht,42,47,17264,9,33,1,1
screen,pusht,42,48,17939,40,64,1,1
screen,pusht,42,49,18054,21,45,1,1
screen,pusht,100,0,77,59,83,0,0
screen,pusht,100,1,845,44,68,1,1
screen,pusht,100,2,1544,56,80,1,1
screen,pusht,100,3,2501,8,32,1,1
screen,pusht,100,4,2578,31,55,1,1
screen,pusht,100,5,2642,108,132,1,1
screen,pusht,100,6,2892,73,97,1,1
screen,pusht,100,7,2933,146,170,1,1
screen,pusht,100,8,3654,31,55,1,1
screen,pusht,100,9,4322,3,27,0,0
screen,pusht,100,10,5233,64,88,1,1
screen,pusht,100,11,5314,84,108,1,1
screen,pusht,100,12,6036,64,88,1,1
screen,pusht,100,13,6048,11,35,0,0
screen,pusht,100,14,7444,5,29,1,1
screen,pusht,100,15,7798,2,26,1,1
screen,pusht,100,16,8206,122,146,1,1
screen,pusht,100,17,8374,53,77,1,1
screen,pusht,100,18,8458,70,94,1,1
screen,pusht,100,19,9481,61,85,1,1
screen,pusht,100,20,9625,50,74,1,1
screen,pusht,100,21,9705,36,60,1,1
screen,pusht,100,22,10224,27,51,1,1
screen,pusht,100,23,10848,34,58,1,1
screen,pusht,100,24,10995,4,28,0,1
screen,pusht,100,25,11102,23,47,1,1
screen,pusht,100,26,11239,2,26,1,1
screen,pusht,100,27,11240,3,27,0,0
screen,pusht,100,28,11282,81,105,1,1
screen,pusht,100,29,11730,46,70,1,1
screen,pusht,100,30,12790,119,143,1,1
screen,pusht,100,31,12804,113,137,1,1
screen,pusht,100,32,13327,85,109,0,1
screen,pusht,100,33,13388,42,66,1,1
screen,pusht,100,34,14193,152,176,1,1
screen,pusht,100,35,14245,65,89,1,1
screen,pusht,100,36,14336,0,24,0,1
screen,pusht,100,37,14596,33,57,1,1
screen,pusht,100,38,14790,35,59,1,1
screen,pusht,100,39,15647,75,99,1,1
screen,pusht,100,40,16063,0,24,0,0
screen,pusht,100,41,16273,9,33,1,1
screen,pusht,100,42,16928,43,67,1,1
screen,pusht,100,43,17228,46,70,1,1
screen,pusht,100,44,17604,81,105,1,1
screen,pusht,100,45,17996,52,76,1,1
screen,pusht,100,46,18137,0,24,1,1
screen,pusht,100,47,18210,0,24,1,1
screen,pusht,100,48,18595,7,31,1,1
screen,pusht,100,49,18635,43,67,1,1
screen,tworoom,0,0,28,17,41,1,1
screen,tworoom,0,1,55,14,38,0,1
screen,tworoom,0,2,82,51,75,1,1
screen,tworoom,0,3,169,3,27,0,1
screen,tworoom,0,4,222,46,70,1,1
screen,tworoom,0,5,284,71,95,1,1
screen,tworoom,0,6,336,73,97,0,0
screen,tworoom,0,7,412,37,61,1,1
screen,tworoom,0,8,761,30,54,1,1
screen,tworoom,0,9,817,5,29,1,1
screen,tworoom,0,10,905,43,67,1,1
screen,tworoom,0,11,1250,18,42,1,1
screen,tworoom,0,12,1760,16,40,1,1
screen,tworoom,0,13,1764,19,43,1,1
screen,tworoom,0,14,2584,25,49,1,1
screen,tworoom,0,15,2702,41,65,1,1
screen,tworoom,0,16,2778,22,46,0,0
screen,tworoom,0,17,3003,8,32,0,1
screen,tworoom,0,18,3082,42,66,0,0
screen,tworoom,0,19,3950,56,80,1,1
screen,tworoom,0,20,4040,41,65,1,1
screen,tworoom,0,21,4235,36,60,1,1
screen,tworoom,0,22,4822,32,56,1,1
screen,tworoom,0,23,5047,14,38,1,1
screen,tworoom,0,24,5120,23,47,1,1
screen,tworoom,0,25,5264,19,43,1,1
screen,tworoom,0,26,5418,31,55,1,1
screen,tworoom,0,27,5440,14,38,0,1
screen,tworoom,0,28,5550,3,27,1,1
screen,tworoom,0,29,5608,8,32,1,1
screen,tworoom,0,30,6069,28,52,1,1
screen,tworoom,0,31,6157,45,69,1,1
screen,tworoom,0,32,6325,45,69,1,1
screen,tworoom,0,33,6373,13,37,1,1
screen,tworoom,0,34,6478,30,54,1,1
screen,tworoom,0,35,6500,30,54,1,1
screen,tworoom,0,36,6716,73,97,1,1
screen,tworoom,0,37,6719,22,46,1,1
screen,tworoom,0,38,7307,48,72,1,1
screen,tworoom,0,39,7309,19,43,1,1
screen,tworoom,0,40,7663,8,32,1,1
screen,tworoom,0,41,8145,52,76,1,1
screen,tworoom,0,42,8172,58,82,1,1
screen,tworoom,0,43,8480,28,52,1,1
screen,tworoom,0,44,8520,67,91,0,1
screen,tworoom,0,45,8589,25,49,1,1
screen,tworoom,0,46,8650,7,31,1,1
screen,tworoom,0,47,9139,63,87,1,1
screen,tworoom,0,48,9358,29,53,1,1
screen,tworoom,0,49,9711,8,32,1,1
screen,tworoom,1,0,201,51,75,1,1
screen,tworoom,1,1,277,40,64,1,1
screen,tworoom,1,2,351,31,55,1,1
screen,tworoom,1,3,626,7,31,1,1
screen,tworoom,1,4,870,39,63,1,1
screen,tworoom,1,5,1179,27,51,1,1
screen,tworoom,1,6,1246,65,89,1,1
screen,tworoom,1,7,1251,33,57,1,1
screen,tworoom,1,8,1347,1,25,0,0
screen,tworoom,1,9,1451,60,84,1,1
screen,tworoom,1,10,2039,24,48,1,1
screen,tworoom,1,11,2503,52,76,1,1
screen,tworoom,1,12,2581,38,62,1,1
screen,tworoom,1,13,2631,49,73,1,1
screen,tworoom,1,14,2736,55,79,1,1
screen,tworoom,1,15,2808,29,53,1,1
screen,tworoom,1,16,3039,1,25,1,1
screen,tworoom,1,17,3122,23,47,1,1
screen,tworoom,1,18,3306,67,91,1,1
screen,tworoom,1,19,3844,31,55,1,1
screen,tworoom,1,20,4038,68,92,1,1
screen,tworoom,1,21,4101,22,46,1,1
screen,tworoom,1,22,4241,25,49,1,1
screen,tworoom,1,23,4537,9,33,1,1
screen,tworoom,1,24,4544,71,95,1,1
screen,tworoom,1,25,4741,16,40,1,1
screen,tworoom,1,26,4862,37,61,1,1
screen,tworoom,1,27,4994,15,39,1,1
screen,tworoom,1,28,5034,48,72,1,1
screen,tworoom,1,29,5127,17,41,1,1
screen,tworoom,1,30,5386,16,40,1,1
screen,tworoom,1,31,5499,67,91,1,1
screen,tworoom,1,32,6445,72,96,1,1
screen,tworoom,1,33,7505,46,70,1,1
screen,tworoom,1,34,7520,17,41,1,1
screen,tworoom,1,35,7551,37,61,1,1
screen,tworoom,1,36,7567,2,26,1,1
screen,tworoom,1,37,7897,20,44,1,1
screen,tworoom,1,38,8188,63,87,1,1
screen,tworoom,1,39,8242,59,83,1,1
screen,tworoom,1,40,8289,46,70,1,1
screen,tworoom,1,41,8392,16,40,1,1
screen,tworoom,1,42,8674,36,60,1,1
screen,tworoom,1,43,8708,70,94,1,1
screen,tworoom,1,44,9052,48,72,1,1
screen,tworoom,1,45,9493,14,38,0,1
screen,tworoom,1,46,9510,31,55,1,1
screen,tworoom,1,47,9619,3,27,1,1
screen,tworoom,1,48,9771,31,55,1,1
screen,tworoom,1,49,9808,46,70,1,1
screen,tworoom,2,0,401,28,52,1,1
screen,tworoom,2,1,555,45,69,0,0
screen,tworoom,2,2,931,22,46,1,1
screen,tworoom,2,3,1107,12,36,0,1
screen,tworoom,2,4,1511,7,31,0,1
screen,tworoom,2,5,1879,45,69,1,1
screen,tworoom,2,6,1886,24,48,1,1
screen,tworoom,2,7,2017,67,91,1,1
screen,tworoom,2,8,2206,7,31,1,1
screen,tworoom,2,9,2611,21,45,1,1
screen,tworoom,2,10,2624,38,62,1,1
screen,tworoom,2,11,2754,1,25,0,1
screen,tworoom,2,12,2989,31,55,1,1
screen,tworoom,2,13,3062,54,78,1,1
screen,tworoom,2,14,3188,25,49,1,1
screen,tworoom,2,15,3337,65,89,1,1
screen,tworoom,2,16,3358,25,49,1,1
screen,tworoom,2,17,3471,4,28,1,1
screen,tworoom,2,18,3812,50,74,1,1
screen,tworoom,2,19,3926,9,33,1,1
screen,tworoom,2,20,4147,22,46,1,1
screen,tworoom,2,21,4236,21,45,1,1
screen,tworoom,2,22,4335,61,85,1,1
screen,tworoom,2,23,4523,57,81,1,1
screen,tworoom,2,24,5119,73,97,1,1
screen,tworoom,2,25,5591,23,47,1,1
screen,tworoom,2,26,5630,37,61,1,1
screen,tworoom,2,27,5805,35,59,1,1
screen,tworoom,2,28,6007,5,29,1,1
screen,tworoom,2,29,6335,51,75,1,1
screen,tworoom,2,30,6580,32,56,1,1
screen,tworoom,2,31,6702,73,97,1,1
screen,tworoom,2,32,6799,55,79,1,1
screen,tworoom,2,33,6844,44,68,1,1
screen,tworoom,2,34,6939,73,97,1,1
screen,tworoom,2,35,7298,51,75,1,1
screen,tworoom,2,36,7506,17,41,1,1
screen,tworoom,2,37,7769,17,41,1,1
screen,tworoom,2,38,8144,62,86,1,1
screen,tworoom,2,39,8155,46,70,1,1
screen,tworoom,2,40,8389,18,42,1,1
screen,tworoom,2,41,8697,51,75,1,1
screen,tworoom,2,42,8789,53,77,1,1
screen,tworoom,2,43,8818,43,67,1,1
screen,tworoom,2,44,8931,42,66,1,1
screen,tworoom,2,45,9357,26,50,1,1
screen,tworoom,2,46,9459,47,71,1,1
screen,tworoom,2,47,9679,6,30,1,1
screen,tworoom,2,48,9768,54,78,1,1
screen,tworoom,2,49,9927,71,95,1,1
screen,tworoom,42,0,644,42,66,1,1
screen,tworoom,42,1,687,68,92,0,0
screen,tworoom,42,2,872,25,49,1,1
screen,tworoom,42,3,905,16,40,0,1
screen,tworoom,42,4,933,20,44,1,1
screen,tworoom,42,5,953,17,41,1,1
screen,tworoom,42,6,1287,72,96,1,1
screen,tworoom,42,7,1661,21,45,1,1
screen,tworoom,42,8,1832,10,34,1,1
screen,tworoom,42,9,2019,36,60,1,1
screen,tworoom,42,10,2280,50,74,1,1
screen,tworoom,42,11,2773,13,37,1,1
screen,tworoom,42,12,3558,57,81,1,1
screen,tworoom,42,13,3719,39,63,1,1
screen,tworoom,42,14,4032,0,24,1,1
screen,tworoom,42,15,4339,7,31,1,1
screen,tworoom,42,16,4398,52,76,1,1
screen,tworoom,42,17,4445,6,30,1,1
screen,tworoom,42,18,4467,38,62,0,1
screen,tworoom,42,19,4515,21,45,1,1
screen,tworoom,42,20,4516,0,24,1,1
screen,tworoom,42,21,5014,72,96,1,1
screen,tworoom,42,22,5141,7,31,1,1
screen,tworoom,42,23,5272,33,57,1,1
screen,tworoom,42,24,5459,55,79,1,1
screen,tworoom,42,25,5552,36,60,1,1
screen,tworoom,42,26,6320,28,52,1,1
screen,tworoom,42,27,6446,26,50,1,1
screen,tworoom,42,28,6552,41,65,1,1
screen,tworoom,42,29,6791,37,61,1,1
screen,tworoom,42,30,6988,59,83,1,1
screen,tworoom,42,31,7021,44,68,0,0
screen,tworoom,42,32,7189,16,40,1,1
screen,tworoom,42,33,7370,22,46,1,1
screen,tworoom,42,34,7597,55,79,1,1
screen,tworoom,42,35,7627,48,72,0,1
screen,tworoom,42,36,7751,27,51,1,1
screen,tworoom,42,37,7797,32,56,1,1
screen,tworoom,42,38,7826,66,90,1,0
screen,tworoom,42,39,7873,32,56,1,1
screen,tworoom,42,40,8241,30,54,1,1
screen,tworoom,42,41,8289,18,42,1,1
screen,tworoom,42,42,8411,21,45,1,1
screen,tworoom,42,43,8598,31,55,1,1
screen,tworoom,42,44,8601,39,63,1,1
screen,tworoom,42,45,8895,31,55,1,1
screen,tworoom,42,46,8949,49,73,1,1
screen,tworoom,42,47,9277,75,99,1,1
screen,tworoom,42,48,9711,8,32,1,1
screen,tworoom,42,49,9757,70,94,1,1
screen,tworoom,100,0,36,56,80,1,1
screen,tworoom,100,1,433,17,41,0,1
screen,tworoom,100,2,815,28,52,1,1
screen,tworoom,100,3,1249,16,40,0,1
screen,tworoom,100,4,1270,27,51,1,1
screen,tworoom,100,5,1292,21,45,1,1
screen,tworoom,100,6,1426,26,50,1,1
screen,tworoom,100,7,1457,51,75,1,1
screen,tworoom,100,8,1907,42,66,0,0
screen,tworoom,100,9,2287,73,97,1,1
screen,tworoom,100,10,2851,75,99,0,0
screen,tworoom,100,11,2892,30,54,1,1
screen,tworoom,100,12,3226,23,47,1,1
screen,tworoom,100,13,3231,62,86,1,1
screen,tworoom,100,14,3945,55,79,1,1
screen,tworoom,100,15,4127,22,46,1,1
screen,tworoom,100,16,4319,36,60,0,1
screen,tworoom,100,17,4445,34,58,1,1
screen,tworoom,100,18,4498,17,41,1,1
screen,tworoom,100,19,4953,58,82,1,1
screen,tworoom,100,20,5031,44,68,1,1
screen,tworoom,100,21,5065,73,97,1,1
screen,tworoom,100,22,5358,64,88,1,1
screen,tworoom,100,23,5731,19,43,1,1
screen,tworoom,100,24,5818,21,45,1,1
screen,tworoom,100,25,5883,22,46,1,1
screen,tworoom,100,26,5969,34,58,1,1
screen,tworoom,100,27,5970,32,56,1,1
screen,tworoom,100,28,6005,42,66,0,1
screen,tworoom,100,29,6296,14,38,1,1
screen,tworoom,100,30,6885,38,62,0,0
screen,tworoom,100,31,6895,40,64,1,1
screen,tworoom,100,32,7206,4,28,1,0
screen,tworoom,100,33,7258,17,41,0,1
screen,tworoom,100,34,7681,63,87,1,1
screen,tworoom,100,35,7723,17,41,0,0
screen,tworoom,100,36,7754,20,44,1,1
screen,tworoom,100,37,7914,66,90,1,1
screen,tworoom,100,38,8025,40,64,0,0
screen,tworoom,100,39,8362,70,94,1,1
screen,tworoom,100,40,8639,20,44,1,1
screen,tworoom,100,41,8842,19,43,0,1
screen,tworoom,100,42,9116,46,70,1,1
screen,tworoom,100,43,9259,13,37,1,1
screen,tworoom,100,44,9479,60,84,1,1
screen,tworoom,100,45,9738,27,51,1,1
screen,tworoom,100,46,9787,64,88,1,1
screen,tworoom,100,47,9815,29,53,1,1
screen,tworoom,100,48,9957,6,30,1,1
screen,tworoom,100,49,9977,9,33,1,1
final,ogb_cube,2002,0,40,82,106,1,1
final,ogb_cube,2002,1,70,76,100,1,1
final,ogb_cube,2002,2,365,161,185,1,1
final,ogb_cube,2002,3,445,151,175,1,1
final,ogb_cube,2002,4,783,96,120,0,0
final,ogb_cube,2002,5,791,60,84,1,1
final,ogb_cube,2002,6,892,60,84,1,1
final,ogb_cube,2002,7,910,104,128,0,0
final,ogb_cube,2002,8,1000,103,127,0,0
final,ogb_cube,2002,9,1058,162,186,1,1
final,ogb_cube,2002,10,1079,140,164,0,1
final,ogb_cube,2002,11,1103,51,75,1,1
final,ogb_cube,2002,12,1256,31,55,0,0
final,ogb_cube,2002,13,1323,75,99,1,1
final,ogb_cube,2002,14,1335,136,160,0,1
final,ogb_cube,2002,15,1364,35,59,1,1
final,ogb_cube,2002,16,1374,26,50,0,0
final,ogb_cube,2002,17,1438,51,75,1,1
final,ogb_cube,2002,18,1450,35,59,1,0
final,ogb_cube,2002,19,1512,85,109,1,1
final,ogb_cube,2002,20,1521,26,50,1,0
final,ogb_cube,2002,21,1577,164,188,1,1
final,ogb_cube,2002,22,1716,33,57,0,0
final,ogb_cube,2002,23,1796,155,179,1,1
final,ogb_cube,2002,24,1813,29,53,1,1
final,ogb_cube,2002,25,1915,100,124,0,0
final,ogb_cube,2002,26,1962,38,62,0,0
final,ogb_cube,2002,27,1965,72,96,1,1
final,ogb_cube,2002,28,2120,35,59,0,1
final,ogb_cube,2002,29,2234,108,132,0,0
final,ogb_cube,2002,30,2235,31,55,0,0
final,ogb_cube,2002,31,2266,0,24,1,1
final,ogb_cube,2002,32,2304,77,101,1,1
final,ogb_cube,2002,33,2382,126,150,1,1
final,ogb_cube,2002,34,2388,68,92,1,1
final,ogb_cube,2002,35,2474,140,164,1,1
final,ogb_cube,2002,36,2475,94,118,1,1
final,ogb_cube,2002,37,2482,21,45,0,0
final,ogb_cube,2002,38,2490,157,181,1,1
final,ogb_cube,2002,39,2506,42,66,1,1
final,ogb_cube,2002,40,2676,131,155,1,1
final,ogb_cube,2002,41,2958,97,121,1,1
final,ogb_cube,2002,42,3153,121,145,1,1
final,ogb_cube,2002,43,3186,128,152,1,1
final,ogb_cube,2002,44,3252,116,140,1,1
final,ogb_cube,2002,45,3549,28,52,0,0
final,ogb_cube,2002,46,3740,98,122,1,1
final,ogb_cube,2002,47,3763,141,165,1,1
final,ogb_cube,2002,48,4089,175,199,1,1
final,ogb_cube,2002,49,4127,7,31,1,1
final,ogb_cube,2002,50,4138,70,94,1,1
final,ogb_cube,2002,51,4400,37,61,0,1
final,ogb_cube,2002,52,4520,49,73,1,1
final,ogb_cube,2002,53,4521,135,159,1,1
final,ogb_cube,2002,54,4551,63,87,1,1
final,ogb_cube,2002,55,4564,110,134,1,1
final,ogb_cube,2002,56,4586,42,66,0,0
final,ogb_cube,2002,57,4773,107,131,0,0
final,ogb_cube,2002,58,4808,36,60,0,0
final,ogb_cube,2002,59,5104,136,160,1,1
final,ogb_cube,2002,60,5149,111,135,1,1
final,ogb_cube,2002,61,5194,36,60,0,0
final,ogb_cube,2002,62,5441,142,166,1,1
final,ogb_cube,2002,63,5700,139,163,1,1
final,ogb_cube,2002,64,5731,136,160,1,1
final,ogb_cube,2002,65,5772,136,160,1,1
final,ogb_cube,2002,66,5906,40,64,1,1
final,ogb_cube,2002,67,5935,120,144,1,1
final,ogb_cube,2002,68,6076,136,160,1,1
final,ogb_cube,2002,69,6143,110,134,0,1
final,ogb_cube,2002,70,6479,162,186,1,1
final,ogb_cube,2002,71,6580,135,159,1,1
final,ogb_cube,2002,72,6802,65,89,1,1
final,ogb_cube,2002,73,6924,151,175,1,1
final,ogb_cube,2002,74,7240,37,61,1,1
final,ogb_cube,2002,75,7368,78,102,1,1
final,ogb_cube,2002,76,7633,43,67,1,0
final,ogb_cube,2002,77,7713,113,137,0,0
final,ogb_cube,2002,78,7890,104,128,0,0
final,ogb_cube,2002,79,8134,57,81,0,0
final,ogb_cube,2002,80,8288,104,128,0,0
final,ogb_cube,2002,81,8375,140,164,1,1
final,ogb_cube,2002,82,8451,72,96,1,1
final,ogb_cube,2002,83,8568,30,54,1,1
final,ogb_cube,2002,84,8862,142,166,1,1
final,ogb_cube,2002,85,8887,16,40,0,0
final,ogb_cube,2002,86,8963,170,194,1,1
final,ogb_cube,2002,87,8988,169,193,1,1
final,ogb_cube,2002,88,9016,153,177,1,1
final,ogb_cube,2002,89,9143,91,115,1,1
final,ogb_cube,2002,90,9241,32,56,0,0
final,ogb_cube,2002,91,9336,72,96,1,1
final,ogb_cube,2002,92,9362,77,101,1,1
final,ogb_cube,2002,93,9470,16,40,0,0
final,ogb_cube,2002,94,9562,164,188,1,1
final,ogb_cube,2002,95,9606,102,126,0,0
final,ogb_cube,2002,96,9719,164,188,1,1
final,ogb_cube,2002,97,9734,107,131,0,0
final,ogb_cube,2002,98,9818,10,34,0,0
final,ogb_cube,2002,99,9940,86,110,1,1
final,ogb_cube,71623,0,30,74,98,1,1
final,ogb_cube,71623,1,38,103,127,0,0
final,ogb_cube,71623,2,103,102,126,0,0
final,ogb_cube,71623,3,180,103,127,0,0
final,ogb_cube,71623,4,420,165,189,1,1
final,ogb_cube,71623,5,491,77,101,1,1
final,ogb_cube,71623,6,523,96,120,1,1
final,ogb_cube,71623,7,619,143,167,1,1
final,ogb_cube,71623,8,964,60,84,1,1
final,ogb_cube,71623,9,1318,61,85,1,1
final,ogb_cube,71623,10,1398,106,130,1,0
final,ogb_cube,71623,11,1435,19,43,0,0
final,ogb_cube,71623,12,1510,103,127,0,0
final,ogb_cube,71623,13,1533,86,110,1,1
final,ogb_cube,71623,14,1653,44,68,0,0
final,ogb_cube,71623,15,1748,168,192,1,1
final,ogb_cube,71623,16,1882,120,144,1,1
final,ogb_cube,71623,17,2042,27,51,1,0
final,ogb_cube,71623,18,2155,10,34,0,0
final,ogb_cube,71623,19,2155,143,167,1,1
final,ogb_cube,71623,20,2256,173,197,1,1
final,ogb_cube,71623,21,2258,17,41,0,0
final,ogb_cube,71623,22,2263,152,176,1,1
final,ogb_cube,71623,23,2277,91,115,1,1
final,ogb_cube,71623,24,2414,87,111,1,1
final,ogb_cube,71623,25,2448,48,72,0,0
final,ogb_cube,71623,26,2466,145,169,1,1
final,ogb_cube,71623,27,2552,39,63,0,0
final,ogb_cube,71623,28,2583,108,132,0,0
final,ogb_cube,71623,29,2690,168,192,1,1
final,ogb_cube,71623,30,2748,10,34,0,0
final,ogb_cube,71623,31,2843,32,56,0,0
final,ogb_cube,71623,32,2931,119,143,1,1
final,ogb_cube,71623,33,2952,72,96,1,1
final,ogb_cube,71623,34,2972,11,35,0,0
final,ogb_cube,71623,35,3026,95,119,1,1
final,ogb_cube,71623,36,3044,17,41,0,0
final,ogb_cube,71623,37,3111,102,126,0,0
final,ogb_cube,71623,38,3152,8,32,1,1
final,ogb_cube,71623,39,3467,47,71,1,0
final,ogb_cube,71623,40,3519,15,39,0,0
final,ogb_cube,71623,41,3612,133,157,1,1
final,ogb_cube,71623,42,3676,15,39,0,0
final,ogb_cube,71623,43,3739,74,98,1,1
final,ogb_cube,71623,44,3756,157,181,1,1
final,ogb_cube,71623,45,3793,166,190,1,1
final,ogb_cube,71623,46,3914,28,52,1,0
final,ogb_cube,71623,47,4203,74,98,1,1
final,ogb_cube,71623,48,4275,156,180,1,1
final,ogb_cube,71623,49,4344,107,131,0,0
final,ogb_cube,71623,50,4391,47,71,1,0
final,ogb_cube,71623,51,4403,128,152,1,1
final,ogb_cube,71623,52,4589,122,146,0,1
final,ogb_cube,71623,53,4705,68,92,1,1
final,ogb_cube,71623,54,4978,3,27,1,1
final,ogb_cube,71623,55,5137,25,49,0,0
final,ogb_cube,71623,56,5186,131,155,1,1
final,ogb_cube,71623,57,5189,65,89,1,1
final,ogb_cube,71623,58,5237,153,177,1,1
final,ogb_cube,71623,59,5468,6,30,1,1
final,ogb_cube,71623,60,6047,6,30,1,1
final,ogb_cube,71623,61,6141,72,96,1,1
final,ogb_cube,71623,62,6142,70,94,1,1
final,ogb_cube,71623,63,6189,154,178,1,1
final,ogb_cube,71623,64,6348,28,52,0,0
final,ogb_cube,71623,65,6424,56,80,1,1
final,ogb_cube,71623,66,6440,144,168,1,1
final,ogb_cube,71623,67,6517,107,131,0,0
final,ogb_cube,71623,68,6600,115,139,1,1
final,ogb_cube,71623,69,6757,116,140,1,1
final,ogb_cube,71623,70,6760,165,189,1,1
final,ogb_cube,71623,71,6881,13,37,0,0
final,ogb_cube,71623,72,6987,125,149,1,1
final,ogb_cube,71623,73,7234,153,177,1,1
final,ogb_cube,71623,74,7329,90,114,1,1
final,ogb_cube,71623,75,7343,9,33,1,1
final,ogb_cube,71623,76,7465,138,162,1,1
final,ogb_cube,71623,77,7686,161,185,1,1
final,ogb_cube,71623,78,7773,7,31,1,1
final,ogb_cube,71623,79,7818,105,129,0,0
final,ogb_cube,71623,80,7851,145,169,1,1
final,ogb_cube,71623,81,7981,173,197,1,1
final,ogb_cube,71623,82,8106,141,165,1,1
final,ogb_cube,71623,83,8109,32,56,0,1
final,ogb_cube,71623,84,8133,67,91,1,1
final,ogb_cube,71623,85,8186,145,169,1,1
final,ogb_cube,71623,86,8328,130,154,1,1
final,ogb_cube,71623,87,8696,16,40,0,0
final,ogb_cube,71623,88,8821,111,135,1,1
final,ogb_cube,71623,89,8922,25,49,0,0
final,ogb_cube,71623,90,8948,71,95,1,1
final,ogb_cube,71623,91,8995,75,99,1,1
final,ogb_cube,71623,92,9007,6,30,1,1
final,ogb_cube,71623,93,9364,65,89,1,1
final,ogb_cube,71623,94,9423,89,113,1,1
final,ogb_cube,71623,95,9509,82,106,1,1
final,ogb_cube,71623,96,9517,30,54,1,1
final,ogb_cube,71623,97,9550,149,173,1,1
final,ogb_cube,71623,98,9666,30,54,1,0
final,ogb_cube,71623,99,9704,113,137,1,1
final,ogb_cube,82715,0,93,164,188,1,1
final,ogb_cube,82715,1,122,48,72,1,1
final,ogb_cube,82715,2,318,60,84,1,1
final,ogb_cube,82715,3,791,98,122,0,0
final,ogb_cube,82715,4,798,110,134,1,1
final,ogb_cube,82715,5,891,47,71,0,0
final,ogb_cube,82715,6,999,140,164,1,1
final,ogb_cube,82715,7,1005,77,101,1,1
final,ogb_cube,82715,8,1117,118,142,1,1
final,ogb_cube,82715,9,1242,119,143,0,1
final,ogb_cube,82715,10,1356,97,121,0,0
final,ogb_cube,82715,11,1562,117,141,1,1
final,ogb_cube,82715,12,1628,87,111,1,1
final,ogb_cube,82715,13,1834,39,63,1,0
final,ogb_cube,82715,14,2142,15,39,0,0
final,ogb_cube,82715,15,2236,118,142,1,1
final,ogb_cube,82715,16,2297,117,141,1,1
final,ogb_cube,82715,17,2429,80,104,1,1
final,ogb_cube,82715,18,2717,83,107,1,1
final,ogb_cube,82715,19,2764,24,48,0,0
final,ogb_cube,82715,20,2837,144,168,1,1
final,ogb_cube,82715,21,2862,41,65,0,1
final,ogb_cube,82715,22,2971,110,134,0,0
final,ogb_cube,82715,23,3124,15,39,0,0
final,ogb_cube,82715,24,3173,154,178,1,1
final,ogb_cube,82715,25,3178,126,150,1,1
final,ogb_cube,82715,26,3192,143,167,1,1
final,ogb_cube,82715,27,3221,157,181,1,1
final,ogb_cube,82715,28,3260,47,71,1,1
final,ogb_cube,82715,29,3261,27,51,1,0
final,ogb_cube,82715,30,3450,33,57,0,0
final,ogb_cube,82715,31,3547,88,112,1,1
final,ogb_cube,82715,32,3553,147,171,1,1
final,ogb_cube,82715,33,3754,58,82,1,1
final,ogb_cube,82715,34,3840,77,101,1,1
final,ogb_cube,82715,35,3939,70,94,1,1
final,ogb_cube,82715,36,3981,170,194,1,1
final,ogb_cube,82715,37,4025,90,114,1,1
final,ogb_cube,82715,38,4120,109,133,1,1
final,ogb_cube,82715,39,4216,36,60,0,0
final,ogb_cube,82715,40,4253,147,171,1,1
final,ogb_cube,82715,41,4401,131,155,1,1
final,ogb_cube,82715,42,4596,119,143,1,1
final,ogb_cube,82715,43,4610,112,136,1,1
final,ogb_cube,82715,44,4662,50,74,0,0
final,ogb_cube,82715,45,4669,6,30,1,1
final,ogb_cube,82715,46,4803,56,80,1,1
final,ogb_cube,82715,47,5155,141,165,1,1
final,ogb_cube,82715,48,5176,78,102,1,1
final,ogb_cube,82715,49,5180,37,61,0,0
final,ogb_cube,82715,50,5264,130,154,1,1
final,ogb_cube,82715,51,5369,65,89,1,1
final,ogb_cube,82715,52,5470,3,27,1,1
final,ogb_cube,82715,53,5528,121,145,0,1
final,ogb_cube,82715,54,5607,10,34,0,0
final,ogb_cube,82715,55,5748,156,180,1,1
final,ogb_cube,82715,56,5771,3,27,1,1
final,ogb_cube,82715,57,5825,67,91,1,1
final,ogb_cube,82715,58,5967,65,89,1,1
final,ogb_cube,82715,59,6034,119,143,0,0
final,ogb_cube,82715,60,6173,11,35,0,0
final,ogb_cube,82715,61,6178,138,162,1,1
final,ogb_cube,82715,62,6205,103,127,0,0
final,ogb_cube,82715,63,6396,69,93,1,1
final,ogb_cube,82715,64,6483,109,133,0,0
final,ogb_cube,82715,65,6681,123,147,1,1
final,ogb_cube,82715,66,6719,12,36,0,0
final,ogb_cube,82715,67,6728,98,122,0,0
final,ogb_cube,82715,68,6736,162,186,1,1
final,ogb_cube,82715,69,6910,134,158,1,1
final,ogb_cube,82715,70,6954,35,59,0,1
final,ogb_cube,82715,71,7035,91,115,1,1
final,ogb_cube,82715,72,7046,40,64,1,1
final,ogb_cube,82715,73,7084,38,62,0,0
final,ogb_cube,82715,74,7149,23,47,0,0
final,ogb_cube,82715,75,7279,83,107,1,1
final,ogb_cube,82715,76,7510,124,148,1,1
final,ogb_cube,82715,77,7645,153,177,1,1
final,ogb_cube,82715,78,7727,156,180,1,1
final,ogb_cube,82715,79,8040,21,45,0,0
final,ogb_cube,82715,80,8160,110,134,0,0
final,ogb_cube,82715,81,8203,60,84,1,1
final,ogb_cube,82715,82,8522,163,187,1,1
final,ogb_cube,82715,83,8589,84,108,1,1
final,ogb_cube,82715,84,8620,1,25,1,1
final,ogb_cube,82715,85,8657,125,149,1,1
final,ogb_cube,82715,86,8671,29,53,0,0
final,ogb_cube,82715,87,8715,143,167,1,1
final,ogb_cube,82715,88,8932,37,61,0,0
final,ogb_cube,82715,89,8935,113,137,1,1
final,ogb_cube,82715,90,9118,54,78,0,0
final,ogb_cube,82715,91,9149,98,122,0,0
final,ogb_cube,82715,92,9173,83,107,1,1
final,ogb_cube,82715,93,9333,47,71,0,1
final,ogb_cube,82715,94,9413,86,110,1,1
final,ogb_cube,82715,95,9509,104,128,0,0
final,ogb_cube,82715,96,9758,137,161,1,0
final,ogb_cube,82715,97,9771,169,193,1,1
final,ogb_cube,82715,98,9796,67,91,1,1
final,ogb_cube,82715,99,9966,59,83,1,1
final,ogb_cube,86604,0,359,112,136,1,1
final,ogb_cube,86604,1,435,103,127,0,0
final,ogb_cube,86604,2,475,70,94,1,1
final,ogb_cube,86604,3,892,23,47,0,0
final,ogb_cube,86604,4,914,2,26,1,1
final,ogb_cube,86604,5,1031,89,113,1,1
final,ogb_cube,86604,6,1177,111,135,1,1
final,ogb_cube,86604,7,1372,155,179,1,1
final,ogb_cube,86604,8,1429,120,144,0,1
final,ogb_cube,86604,9,1498,34,58,0,0
final,ogb_cube,86604,10,1714,106,130,0,0
final,ogb_cube,86604,11,1803,146,170,1,1
final,ogb_cube,86604,12,1936,46,70,1,1
final,ogb_cube,86604,13,1939,13,37,0,0
final,ogb_cube,86604,14,1948,172,196,1,1
final,ogb_cube,86604,15,2038,159,183,1,1
final,ogb_cube,86604,16,2053,129,153,1,1
final,ogb_cube,86604,17,2300,88,112,1,1
final,ogb_cube,86604,18,2310,126,150,1,1
final,ogb_cube,86604,19,2316,89,113,1,1
final,ogb_cube,86604,20,2379,71,95,1,1
final,ogb_cube,86604,21,2416,76,100,1,1
final,ogb_cube,86604,22,2706,69,93,1,1
final,ogb_cube,86604,23,2864,97,121,1,1
final,ogb_cube,86604,24,2912,15,39,0,0
final,ogb_cube,86604,25,3039,64,88,1,1
final,ogb_cube,86604,26,3097,66,90,1,1
final,ogb_cube,86604,27,3552,127,151,1,1
final,ogb_cube,86604,28,3597,58,82,1,1
final,ogb_cube,86604,29,3823,139,163,1,1
final,ogb_cube,86604,30,3838,24,48,0,0
final,ogb_cube,86604,31,3879,163,187,1,1
final,ogb_cube,86604,32,4194,28,52,1,0
final,ogb_cube,86604,33,4222,151,175,1,1
final,ogb_cube,86604,34,4224,78,102,1,1
final,ogb_cube,86604,35,4265,115,139,1,1
final,ogb_cube,86604,36,4348,83,107,1,1
final,ogb_cube,86604,37,4360,12,36,0,0
final,ogb_cube,86604,38,4469,6,30,1,1
final,ogb_cube,86604,39,4644,62,86,1,1
final,ogb_cube,86604,40,4766,169,193,1,1
final,ogb_cube,86604,41,4872,148,172,1,1
final,ogb_cube,86604,42,5037,87,111,1,1
final,ogb_cube,86604,43,5141,97,121,0,0
final,ogb_cube,86604,44,5142,60,84,1,1
final,ogb_cube,86604,45,5379,73,97,1,1
final,ogb_cube,86604,46,5391,100,124,0,0
final,ogb_cube,86604,47,5456,54,78,1,1
final,ogb_cube,86604,48,5594,167,191,1,1
final,ogb_cube,86604,49,5970,79,103,1,1
final,ogb_cube,86604,50,5982,80,104,1,1
final,ogb_cube,86604,51,6004,48,72,0,0
final,ogb_cube,86604,52,6081,142,166,1,1
final,ogb_cube,86604,53,6097,167,191,1,1
final,ogb_cube,86604,54,6154,153,177,1,1
final,ogb_cube,86604,55,6273,81,105,1,1
final,ogb_cube,86604,56,6497,143,167,1,1
final,ogb_cube,86604,57,6499,116,140,1,1
final,ogb_cube,86604,58,6537,5,29,1,1
final,ogb_cube,86604,59,6553,28,52,0,0
final,ogb_cube,86604,60,6571,170,194,1,1
final,ogb_cube,86604,61,6759,74,98,1,1
final,ogb_cube,86604,62,6811,87,111,1,1
final,ogb_cube,86604,63,7113,85,109,1,1
final,ogb_cube,86604,64,7296,34,58,0,0
final,ogb_cube,86604,65,7315,150,174,1,1
final,ogb_cube,86604,66,7354,113,137,0,0
final,ogb_cube,86604,67,7403,127,151,1,1
final,ogb_cube,86604,68,7470,40,64,0,0
final,ogb_cube,86604,69,7487,1,25,1,1
final,ogb_cube,86604,70,7529,129,153,1,1
final,ogb_cube,86604,71,7594,126,150,1,1
final,ogb_cube,86604,72,7645,88,112,1,1
final,ogb_cube,86604,73,7651,25,49,0,0
final,ogb_cube,86604,74,7662,173,197,1,1
final,ogb_cube,86604,75,7780,108,132,0,0
final,ogb_cube,86604,76,7867,11,35,0,0
final,ogb_cube,86604,77,8049,111,135,0,0
final,ogb_cube,86604,78,8117,125,149,1,1
final,ogb_cube,86604,79,8196,62,86,1,1
final,ogb_cube,86604,80,8342,49,73,0,0
final,ogb_cube,86604,81,8344,161,185,1,1
final,ogb_cube,86604,82,8361,99,123,0,0
final,ogb_cube,86604,83,8542,66,90,1,1
final,ogb_cube,86604,84,8544,132,156,1,1
final,ogb_cube,86604,85,8552,141,165,1,1
final,ogb_cube,86604,86,8772,170,194,1,1
final,ogb_cube,86604,87,8789,35,59,0,0
final,ogb_cube,86604,88,8878,55,79,1,0
final,ogb_cube,86604,89,8954,17,41,0,0
final,ogb_cube,86604,90,8975,118,142,1,1
final,ogb_cube,86604,91,9105,51,75,1,0
final,ogb_cube,86604,92,9124,37,61,1,1
final,ogb_cube,86604,93,9189,48,72,0,0
final,ogb_cube,86604,94,9239,9,33,1,1
final,ogb_cube,86604,95,9258,2,26,1,1
final,ogb_cube,86604,96,9440,136,160,1,1
final,ogb_cube,86604,97,9525,143,167,1,1
final,ogb_cube,86604,98,9578,30,54,0,0
final,ogb_cube,86604,99,9758,127,151,1,1
final,ogb_cube,91943,0,118,149,173,1,1
final,ogb_cube,91943,1,184,137,161,1,1
final,ogb_cube,91943,2,560,62,86,1,1
final,ogb_cube,91943,3,615,73,97,1,1
final,ogb_cube,91943,4,621,42,66,0,0
final,ogb_cube,91943,5,666,92,116,1,1
final,ogb_cube,91943,6,762,18,42,0,0
final,ogb_cube,91943,7,860,175,199,1,1
final,ogb_cube,91943,8,1309,119,143,1,1
final,ogb_cube,91943,9,2042,159,183,1,1
final,ogb_cube,91943,10,2093,175,199,1,1
final,ogb_cube,91943,11,2127,31,55,0,0
final,ogb_cube,91943,12,2254,155,179,1,1
final,ogb_cube,91943,13,2625,142,166,1,1
final,ogb_cube,91943,14,2739,150,174,1,1
final,ogb_cube,91943,15,2784,108,132,1,0
final,ogb_cube,91943,16,2973,105,129,0,0
final,ogb_cube,91943,17,2996,63,87,1,1
final,ogb_cube,91943,18,3041,1,25,1,1
final,ogb_cube,91943,19,3142,112,136,1,1
final,ogb_cube,91943,20,3306,160,184,1,1
final,ogb_cube,91943,21,3311,100,124,0,0
final,ogb_cube,91943,22,3365,159,183,1,1
final,ogb_cube,91943,23,3538,6,30,1,1
final,ogb_cube,91943,24,3876,137,161,1,1
final,ogb_cube,91943,25,3963,114,138,1,0
final,ogb_cube,91943,26,4237,112,136,0,1
final,ogb_cube,91943,27,4252,137,161,0,1
final,ogb_cube,91943,28,4283,169,193,1,1
final,ogb_cube,91943,29,4401,154,178,1,1
final,ogb_cube,91943,30,4454,123,147,1,1
final,ogb_cube,91943,31,4608,80,104,1,1
final,ogb_cube,91943,32,4680,136,160,1,1
final,ogb_cube,91943,33,4760,138,162,1,1
final,ogb_cube,91943,34,4899,135,159,1,1
final,ogb_cube,91943,35,4939,154,178,1,1
final,ogb_cube,91943,36,4971,136,160,1,1
final,ogb_cube,91943,37,5038,14,38,0,0
final,ogb_cube,91943,38,5051,35,59,0,0
final,ogb_cube,91943,39,5138,96,120,1,1
final,ogb_cube,91943,40,5151,63,87,1,1
final,ogb_cube,91943,41,5219,17,41,0,0
final,ogb_cube,91943,42,5247,26,50,0,0
final,ogb_cube,91943,43,5340,145,169,1,1
final,ogb_cube,91943,44,5418,128,152,1,1
final,ogb_cube,91943,45,5439,57,81,1,1
final,ogb_cube,91943,46,5442,64,88,1,1
final,ogb_cube,91943,47,5446,63,87,1,1
final,ogb_cube,91943,48,5596,93,117,1,1
final,ogb_cube,91943,49,6045,9,33,0,0
final,ogb_cube,91943,50,6091,122,146,0,1
final,ogb_cube,91943,51,6121,169,193,1,1
final,ogb_cube,91943,52,6216,156,180,1,1
final,ogb_cube,91943,53,6279,13,37,0,0
final,ogb_cube,91943,54,6306,87,111,1,1
final,ogb_cube,91943,55,6324,171,195,1,1
final,ogb_cube,91943,56,6349,18,42,0,0
final,ogb_cube,91943,57,6401,78,102,1,1
final,ogb_cube,91943,58,6435,6,30,1,1
final,ogb_cube,91943,59,6730,100,124,0,0
final,ogb_cube,91943,60,6810,59,83,1,1
final,ogb_cube,91943,61,6871,38,62,1,1
final,ogb_cube,91943,62,6874,31,55,0,0
final,ogb_cube,91943,63,6986,73,97,1,1
final,ogb_cube,91943,64,7105,169,193,1,1
final,ogb_cube,91943,65,7182,51,75,1,1
final,ogb_cube,91943,66,7361,104,128,0,0
final,ogb_cube,91943,67,7405,2,26,1,1
final,ogb_cube,91943,68,7471,164,188,1,1
final,ogb_cube,91943,69,7557,25,49,0,1
final,ogb_cube,91943,70,7601,115,139,0,1
final,ogb_cube,91943,71,7649,126,150,1,1
final,ogb_cube,91943,72,7747,63,87,1,1
final,ogb_cube,91943,73,7822,14,38,0,0
final,ogb_cube,91943,74,7933,36,60,1,1
final,ogb_cube,91943,75,8063,15,39,0,0
final,ogb_cube,91943,76,8063,79,103,1,1
final,ogb_cube,91943,77,8116,34,58,1,0
final,ogb_cube,91943,78,8120,61,85,1,1
final,ogb_cube,91943,79,8177,67,91,1,1
final,ogb_cube,91943,80,8217,165,189,1,1
final,ogb_cube,91943,81,8340,78,102,1,1
final,ogb_cube,91943,82,8523,138,162,1,1
final,ogb_cube,91943,83,8545,69,93,1,1
final,ogb_cube,91943,84,8630,32,56,0,0
final,ogb_cube,91943,85,8674,89,113,1,1
final,ogb_cube,91943,86,8784,143,167,1,1
final,ogb_cube,91943,87,8851,106,130,1,0
final,ogb_cube,91943,88,8864,34,58,0,1
final,ogb_cube,91943,89,8926,33,57,1,1
final,ogb_cube,91943,90,9043,9,33,0,0
final,ogb_cube,91943,91,9128,135,159,1,1
final,ogb_cube,91943,92,9267,151,175,1,1
final,ogb_cube,91943,93,9585,172,196,1,1
final,ogb_cube,91943,94,9734,76,100,1,1
final,ogb_cube,91943,95,9746,167,191,1,1
final,ogb_cube,91943,96,9943,123,147,1,1
final,ogb_cube,91943,97,9966,136,160,1,0
final,ogb_cube,91943,98,9967,130,154,0,1
final,ogb_cube,91943,99,9969,18,42,0,0
final,reacher,2002,0,40,82,106,1,1
final,reacher,2002,1,70,76,100,1,1
final,reacher,2002,2,365,161,185,1,1
final,reacher,2002,3,445,151,175,1,1
final,reacher,2002,4,783,96,120,1,1
final,reacher,2002,5,791,60,84,1,1
final,reacher,2002,6,892,60,84,0,1
final,reacher,2002,7,910,104,128,1,1
final,reacher,2002,8,1000,103,127,1,1
final,reacher,2002,9,1058,162,186,1,1
final,reacher,2002,10,1079,140,164,1,1
final,reacher,2002,11,1103,51,75,1,1
final,reacher,2002,12,1256,31,55,1,1
final,reacher,2002,13,1323,75,99,1,1
final,reacher,2002,14,1335,136,160,1,1
final,reacher,2002,15,1364,35,59,1,1
final,reacher,2002,16,1374,26,50,1,1
final,reacher,2002,17,1438,51,75,1,1
final,reacher,2002,18,1450,35,59,1,0
final,reacher,2002,19,1512,85,109,1,1
final,reacher,2002,20,1521,26,50,1,1
final,reacher,2002,21,1577,164,188,1,1
final,reacher,2002,22,1716,33,57,1,1
final,reacher,2002,23,1796,155,179,1,1
final,reacher,2002,24,1813,29,53,1,1
final,reacher,2002,25,1915,100,124,1,1
final,reacher,2002,26,1962,38,62,1,1
final,reacher,2002,27,1965,72,96,1,1
final,reacher,2002,28,2120,35,59,1,1
final,reacher,2002,29,2234,108,132,1,1
final,reacher,2002,30,2235,31,55,1,1
final,reacher,2002,31,2266,0,24,1,1
final,reacher,2002,32,2304,77,101,1,1
final,reacher,2002,33,2382,126,150,1,1
final,reacher,2002,34,2388,68,92,1,1
final,reacher,2002,35,2474,140,164,1,1
final,reacher,2002,36,2475,94,118,1,1
final,reacher,2002,37,2482,21,45,1,1
final,reacher,2002,38,2490,157,181,1,1
final,reacher,2002,39,2506,42,66,1,1
final,reacher,2002,40,2676,131,155,1,1
final,reacher,2002,41,2958,97,121,0,1
final,reacher,2002,42,3153,121,145,1,1
final,reacher,2002,43,3186,128,152,1,1
final,reacher,2002,44,3252,116,140,1,1
final,reacher,2002,45,3549,28,52,1,1
final,reacher,2002,46,3740,98,122,1,1
final,reacher,2002,47,3763,141,165,1,1
final,reacher,2002,48,4089,175,199,1,1
final,reacher,2002,49,4127,7,31,1,1
final,reacher,2002,50,4138,70,94,1,1
final,reacher,2002,51,4400,37,61,1,1
final,reacher,2002,52,4520,49,73,1,1
final,reacher,2002,53,4521,135,159,1,1
final,reacher,2002,54,4551,63,87,1,1
final,reacher,2002,55,4564,110,134,1,1
final,reacher,2002,56,4586,42,66,1,1
final,reacher,2002,57,4773,107,131,1,1
final,reacher,2002,58,4808,36,60,1,1
final,reacher,2002,59,5104,136,160,1,1
final,reacher,2002,60,5149,111,135,1,1
final,reacher,2002,61,5194,36,60,0,1
final,reacher,2002,62,5441,142,166,1,1
final,reacher,2002,63,5700,139,163,1,1
final,reacher,2002,64,5731,136,160,1,1
final,reacher,2002,65,5772,136,160,1,1
final,reacher,2002,66,5906,40,64,1,1
final,reacher,2002,67,5935,120,144,1,1
final,reacher,2002,68,6076,136,160,1,1
final,reacher,2002,69,6143,110,134,1,1
final,reacher,2002,70,6479,162,186,1,1
final,reacher,2002,71,6580,135,159,1,1
final,reacher,2002,72,6802,65,89,1,1
final,reacher,2002,73,6924,151,175,1,1
final,reacher,2002,74,7240,37,61,1,1
final,reacher,2002,75,7368,78,102,1,1
final,reacher,2002,76,7633,43,67,0,1
final,reacher,2002,77,7713,113,137,1,1
final,reacher,2002,78,7890,104,128,1,1
final,reacher,2002,79,8134,57,81,1,1
final,reacher,2002,80,8288,104,128,1,1
final,reacher,2002,81,8375,140,164,1,1
final,reacher,2002,82,8451,72,96,1,1
final,reacher,2002,83,8568,30,54,1,1
final,reacher,2002,84,8862,142,166,1,1
final,reacher,2002,85,8887,16,40,1,1
final,reacher,2002,86,8963,170,194,1,1
final,reacher,2002,87,8988,169,193,1,1
final,reacher,2002,88,9016,153,177,1,1
final,reacher,2002,89,9143,91,115,1,1
final,reacher,2002,90,9241,32,56,1,1
final,reacher,2002,91,9336,72,96,1,1
final,reacher,2002,92,9362,77,101,1,1
final,reacher,2002,93,9470,16,40,1,1
final,reacher,2002,94,9562,164,188,1,1
final,reacher,2002,95,9606,102,126,1,1
final,reacher,2002,96,9719,164,188,1,1
final,reacher,2002,97,9734,107,131,1,1
final,reacher,2002,98,9818,10,34,1,1
final,reacher,2002,99,9940,86,110,1,1
final,reacher,71623,0,30,74,98,1,1
final,reacher,71623,1,38,103,127,1,1
final,reacher,71623,2,103,102,126,1,1
final,reacher,71623,3,180,103,127,1,1
final,reacher,71623,4,420,165,189,1,1
final,reacher,71623,5,491,77,101,1,1
final,reacher,71623,6,523,96,120,1,1
final,reacher,71623,7,619,143,167,1,1
final,reacher,71623,8,964,60,84,1,1
final,reacher,71623,9,1318,61,85,1,1
final,reacher,71623,10,1398,106,130,1,1
final,reacher,71623,11,1435,19,43,1,1
final,reacher,71623,12,1510,103,127,1,1
final,reacher,71623,13,1533,86,110,1,1
final,reacher,71623,14,1653,44,68,1,1
final,reacher,71623,15,1748,168,192,0,1
final,reacher,71623,16,1882,120,144,1,1
final,reacher,71623,17,2042,27,51,1,1
final,reacher,71623,18,2155,10,34,1,1
final,reacher,71623,19,2155,143,167,1,1
final,reacher,71623,20,2256,173,197,1,1
final,reacher,71623,21,2258,17,41,1,1
final,reacher,71623,22,2263,152,176,1,1
final,reacher,71623,23,2277,91,115,1,1
final,reacher,71623,24,2414,87,111,1,1
final,reacher,71623,25,2448,48,72,1,1
final,reacher,71623,26,2466,145,169,1,1
final,reacher,71623,27,2552,39,63,1,1
final,reacher,71623,28,2583,108,132,1,1
final,reacher,71623,29,2690,168,192,1,1
final,reacher,71623,30,2748,10,34,1,1
final,reacher,71623,31,2843,32,56,1,1
final,reacher,71623,32,2931,119,143,1,1
final,reacher,71623,33,2952,72,96,1,1
final,reacher,71623,34,2972,11,35,1,1
final,reacher,71623,35,3026,95,119,1,1
final,reacher,71623,36,3044,17,41,1,1
final,reacher,71623,37,3111,102,126,1,1
final,reacher,71623,38,3152,8,32,1,1
final,reacher,71623,39,3467,47,71,1,1
final,reacher,71623,40,3519,15,39,1,1
final,reacher,71623,41,3612,133,157,1,1
final,reacher,71623,42,3676,15,39,1,1
final,reacher,71623,43,3739,74,98,1,1
final,reacher,71623,44,3756,157,181,1,1
final,reacher,71623,45,3793,166,190,1,1
final,reacher,71623,46,3914,28,52,1,1
final,reacher,71623,47,4203,74,98,1,1
final,reacher,71623,48,4275,156,180,1,1
final,reacher,71623,49,4344,107,131,1,1
final,reacher,71623,50,4391,47,71,1,1
final,reacher,71623,51,4403,128,152,1,1
final,reacher,71623,52,4589,122,146,1,1
final,reacher,71623,53,4705,68,92,1,1
final,reacher,71623,54,4978,3,27,1,1
final,reacher,71623,55,5137,25,49,1,1
final,reacher,71623,56,5186,131,155,1,1
final,reacher,71623,57,5189,65,89,1,1
final,reacher,71623,58,5237,153,177,1,1
final,reacher,71623,59,5468,6,30,1,1
final,reacher,71623,60,6047,6,30,1,1
final,reacher,71623,61,6141,72,96,1,1
final,reacher,71623,62,6142,70,94,1,1
final,reacher,71623,63,6189,154,178,1,1
final,reacher,71623,64,6348,28,52,1,1
final,reacher,71623,65,6424,56,80,1,1
final,reacher,71623,66,6440,144,168,1,1
final,reacher,71623,67,6517,107,131,1,1
final,reacher,71623,68,6600,115,139,1,1
final,reacher,71623,69,6757,116,140,1,1
final,reacher,71623,70,6760,165,189,1,1
final,reacher,71623,71,6881,13,37,1,1
final,reacher,71623,72,6987,125,149,1,1
final,reacher,71623,73,7234,153,177,1,1
final,reacher,71623,74,7329,90,114,1,1
final,reacher,71623,75,7343,9,33,1,1
final,reacher,71623,76,7465,138,162,1,0
final,reacher,71623,77,7686,161,185,1,1
final,reacher,71623,78,7773,7,31,1,1
final,reacher,71623,79,7818,105,129,1,1
final,reacher,71623,80,7851,145,169,1,1
final,reacher,71623,81,7981,173,197,1,1
final,reacher,71623,82,8106,141,165,1,1
final,reacher,71623,83,8109,32,56,1,1
final,reacher,71623,84,8133,67,91,1,1
final,reacher,71623,85,8186,145,169,1,1
final,reacher,71623,86,8328,130,154,1,1
final,reacher,71623,87,8696,16,40,1,1
final,reacher,71623,88,8821,111,135,1,1
final,reacher,71623,89,8922,25,49,1,1
final,reacher,71623,90,8948,71,95,1,1
final,reacher,71623,91,8995,75,99,1,1
final,reacher,71623,92,9007,6,30,1,1
final,reacher,71623,93,9364,65,89,1,1
final,reacher,71623,94,9423,89,113,1,1
final,reacher,71623,95,9509,82,106,1,1
final,reacher,71623,96,9517,30,54,1,1
final,reacher,71623,97,9550,149,173,1,1
final,reacher,71623,98,9666,30,54,1,1
final,reacher,71623,99,9704,113,137,1,1
final,reacher,82715,0,93,164,188,1,1
final,reacher,82715,1,122,48,72,1,1
final,reacher,82715,2,318,60,84,1,1
final,reacher,82715,3,791,98,122,1,1
final,reacher,82715,4,798,110,134,1,1
final,reacher,82715,5,891,47,71,1,1
final,reacher,82715,6,999,140,164,1,1
final,reacher,82715,7,1005,77,101,0,1
final,reacher,82715,8,1117,118,142,1,1
final,reacher,82715,9,1242,119,143,1,1
final,reacher,82715,10,1356,97,121,1,1
final,reacher,82715,11,1562,117,141,1,1
final,reacher,82715,12,1628,87,111,1,1
final,reacher,82715,13,1834,39,63,1,1
final,reacher,82715,14,2142,15,39,1,1
final,reacher,82715,15,2236,118,142,1,1
final,reacher,82715,16,2297,117,141,1,1
final,reacher,82715,17,2429,80,104,1,1
final,reacher,82715,18,2717,83,107,1,1
final,reacher,82715,19,2764,24,48,1,1
final,reacher,82715,20,2837,144,168,1,1
final,reacher,82715,21,2862,41,65,1,1
final,reacher,82715,22,2971,110,134,1,1
final,reacher,82715,23,3124,15,39,1,1
final,reacher,82715,24,3173,154,178,1,1
final,reacher,82715,25,3178,126,150,1,1
final,reacher,82715,26,3192,143,167,1,1
final,reacher,82715,27,3221,157,181,1,1
final,reacher,82715,28,3260,47,71,1,1
final,reacher,82715,29,3261,27,51,1,1
final,reacher,82715,30,3450,33,57,1,1
final,reacher,82715,31,3547,88,112,1,1
final,reacher,82715,32,3553,147,171,1,1
final,reacher,82715,33,3754,58,82,1,1
final,reacher,82715,34,3840,77,101,1,1
final,reacher,82715,35,3939,70,94,1,1
final,reacher,82715,36,3981,170,194,1,1
final,reacher,82715,37,4025,90,114,1,1
final,reacher,82715,38,4120,109,133,1,1
final,reacher,82715,39,4216,36,60,1,1
final,reacher,82715,40,4253,147,171,1,1
final,reacher,82715,41,4401,131,155,1,1
final,reacher,82715,42,4596,119,143,1,1
final,reacher,82715,43,4610,112,136,1,1
final,reacher,82715,44,4662,50,74,1,1
final,reacher,82715,45,4669,6,30,1,1
final,reacher,82715,46,4803,56,80,1,1
final,reacher,82715,47,5155,141,165,1,1
final,reacher,82715,48,5176,78,102,1,1
final,reacher,82715,49,5180,37,61,1,1
final,reacher,82715,50,5264,130,154,1,1
final,reacher,82715,51,5369,65,89,1,1
final,reacher,82715,52,5470,3,27,1,1
final,reacher,82715,53,5528,121,145,1,1
final,reacher,82715,54,5607,10,34,1,1
final,reacher,82715,55,5748,156,180,1,1
final,reacher,82715,56,5771,3,27,1,1
final,reacher,82715,57,5825,67,91,1,1
final,reacher,82715,58,5967,65,89,1,1
final,reacher,82715,59,6034,119,143,1,1
final,reacher,82715,60,6173,11,35,1,1
final,reacher,82715,61,6178,138,162,1,1
final,reacher,82715,62,6205,103,127,1,0
final,reacher,82715,63,6396,69,93,1,1
final,reacher,82715,64,6483,109,133,1,0
final,reacher,82715,65,6681,123,147,1,0
final,reacher,82715,66,6719,12,36,1,1
final,reacher,82715,67,6728,98,122,1,1
final,reacher,82715,68,6736,162,186,1,1
final,reacher,82715,69,6910,134,158,1,1
final,reacher,82715,70,6954,35,59,1,1
final,reacher,82715,71,7035,91,115,1,1
final,reacher,82715,72,7046,40,64,1,1
final,reacher,82715,73,7084,38,62,1,1
final,reacher,82715,74,7149,23,47,1,1
final,reacher,82715,75,7279,83,107,1,1
final,reacher,82715,76,7510,124,148,1,1
final,reacher,82715,77,7645,153,177,1,1
final,reacher,82715,78,7727,156,180,1,1
final,reacher,82715,79,8040,21,45,1,1
final,reacher,82715,80,8160,110,134,1,1
final,reacher,82715,81,8203,60,84,0,0
final,reacher,82715,82,8522,163,187,1,1
final,reacher,82715,83,8589,84,108,1,1
final,reacher,82715,84,8620,1,25,1,1
final,reacher,82715,85,8657,125,149,1,1
final,reacher,82715,86,8671,29,53,1,1
final,reacher,82715,87,8715,143,167,1,1
final,reacher,82715,88,8932,37,61,1,1
final,reacher,82715,89,8935,113,137,1,1
final,reacher,82715,90,9118,54,78,1,1
final,reacher,82715,91,9149,98,122,1,1
final,reacher,82715,92,9173,83,107,1,1
final,reacher,82715,93,9333,47,71,1,1
final,reacher,82715,94,9413,86,110,1,1
final,reacher,82715,95,9509,104,128,1,1
final,reacher,82715,96,9758,137,161,1,1
final,reacher,82715,97,9771,169,193,0,1
final,reacher,82715,98,9796,67,91,1,1
final,reacher,82715,99,9966,59,83,1,1
final,reacher,86604,0,359,112,136,1,1
final,reacher,86604,1,435,103,127,1,1
final,reacher,86604,2,475,70,94,1,1
final,reacher,86604,3,892,23,47,1,1
final,reacher,86604,4,914,2,26,1,1
final,reacher,86604,5,1031,89,113,1,1
final,reacher,86604,6,1177,111,135,1,1
final,reacher,86604,7,1372,155,179,0,0
final,reacher,86604,8,1429,120,144,1,1
final,reacher,86604,9,1498,34,58,0,0
final,reacher,86604,10,1714,106,130,1,1
final,reacher,86604,11,1803,146,170,1,1
final,reacher,86604,12,1936,46,70,1,1
final,reacher,86604,13,1939,13,37,1,1
final,reacher,86604,14,1948,172,196,1,1
final,reacher,86604,15,2038,159,183,1,1
final,reacher,86604,16,2053,129,153,1,1
final,reacher,86604,17,2300,88,112,1,0
final,reacher,86604,18,2310,126,150,1,1
final,reacher,86604,19,2316,89,113,1,1
final,reacher,86604,20,2379,71,95,1,1
final,reacher,86604,21,2416,76,100,1,1
final,reacher,86604,22,2706,69,93,1,1
final,reacher,86604,23,2864,97,121,1,1
final,reacher,86604,24,2912,15,39,0,0
final,reacher,86604,25,3039,64,88,1,1
final,reacher,86604,26,3097,66,90,0,0
final,reacher,86604,27,3552,127,151,1,1
final,reacher,86604,28,3597,58,82,1,1
final,reacher,86604,29,3823,139,163,1,1
final,reacher,86604,30,3838,24,48,1,1
final,reacher,86604,31,3879,163,187,1,1
final,reacher,86604,32,4194,28,52,1,1
final,reacher,86604,33,4222,151,175,1,1
final,reacher,86604,34,4224,78,102,1,1
final,reacher,86604,35,4265,115,139,1,1
final,reacher,86604,36,4348,83,107,1,1
final,reacher,86604,37,4360,12,36,1,1
final,reacher,86604,38,4469,6,30,1,1
final,reacher,86604,39,4644,62,86,1,1
final,reacher,86604,40,4766,169,193,1,1
final,reacher,86604,41,4872,148,172,1,1
final,reacher,86604,42,5037,87,111,1,1
final,reacher,86604,43,5141,97,121,1,1
final,reacher,86604,44,5142,60,84,1,1
final,reacher,86604,45,5379,73,97,1,1
final,reacher,86604,46,5391,100,124,1,1
final,reacher,86604,47,5456,54,78,1,1
final,reacher,86604,48,5594,167,191,1,1
final,reacher,86604,49,5970,79,103,1,1
final,reacher,86604,50,5982,80,104,1,1
final,reacher,86604,51,6004,48,72,1,1
final,reacher,86604,52,6081,142,166,1,1
final,reacher,86604,53,6097,167,191,1,1
final,reacher,86604,54,6154,153,177,1,1
final,reacher,86604,55,6273,81,105,1,1
final,reacher,86604,56,6497,143,167,1,1
final,reacher,86604,57,6499,116,140,1,1
final,reacher,86604,58,6537,5,29,1,1
final,reacher,86604,59,6553,28,52,1,1
final,reacher,86604,60,6571,170,194,1,1
final,reacher,86604,61,6759,74,98,1,1
final,reacher,86604,62,6811,87,111,1,1
final,reacher,86604,63,7113,85,109,1,1
final,reacher,86604,64,7296,34,58,1,1
final,reacher,86604,65,7315,150,174,1,1
final,reacher,86604,66,7354,113,137,1,1
final,reacher,86604,67,7403,127,151,1,1
final,reacher,86604,68,7470,40,64,1,1
final,reacher,86604,69,7487,1,25,1,1
final,reacher,86604,70,7529,129,153,1,1
final,reacher,86604,71,7594,126,150,1,1
final,reacher,86604,72,7645,88,112,1,1
final,reacher,86604,73,7651,25,49,1,1
final,reacher,86604,74,7662,173,197,1,1
final,reacher,86604,75,7780,108,132,1,1
final,reacher,86604,76,7867,11,35,0,1
final,reacher,86604,77,8049,111,135,1,1
final,reacher,86604,78,8117,125,149,1,1
final,reacher,86604,79,8196,62,86,1,1
final,reacher,86604,80,8342,49,73,1,1
final,reacher,86604,81,8344,161,185,1,1
final,reacher,86604,82,8361,99,123,1,1
final,reacher,86604,83,8542,66,90,1,1
final,reacher,86604,84,8544,132,156,1,1
final,reacher,86604,85,8552,141,165,1,1
final,reacher,86604,86,8772,170,194,1,1
final,reacher,86604,87,8789,35,59,1,1
final,reacher,86604,88,8878,55,79,1,1
final,reacher,86604,89,8954,17,41,1,1
final,reacher,86604,90,8975,118,142,1,1
final,reacher,86604,91,9105,51,75,1,1
final,reacher,86604,92,9124,37,61,1,1
final,reacher,86604,93,9189,48,72,1,1
final,reacher,86604,94,9239,9,33,1,1
final,reacher,86604,95,9258,2,26,1,1
final,reacher,86604,96,9440,136,160,1,1
final,reacher,86604,97,9525,143,167,1,1
final,reacher,86604,98,9578,30,54,1,1
final,reacher,86604,99,9758,127,151,1,1
final,reacher,91943,0,118,149,173,1,1
final,reacher,91943,1,184,137,161,1,1
final,reacher,91943,2,560,62,86,1,1
final,reacher,91943,3,615,73,97,1,1
final,reacher,91943,4,621,42,66,1,1
final,reacher,91943,5,666,92,116,1,1
final,reacher,91943,6,762,18,42,1,1
final,reacher,91943,7,860,175,199,1,1
final,reacher,91943,8,1309,119,143,1,1
final,reacher,91943,9,2042,159,183,1,1
final,reacher,91943,10,2093,175,199,1,1
final,reacher,91943,11,2127,31,55,1,1
final,reacher,91943,12,2254,155,179,1,1
final,reacher,91943,13,2625,142,166,1,0
final,reacher,91943,14,2739,150,174,1,1
final,reacher,91943,15,2784,108,132,1,1
final,reacher,91943,16,2973,105,129,1,1
final,reacher,91943,17,2996,63,87,1,1
final,reacher,91943,18,3041,1,25,1,1
final,reacher,91943,19,3142,112,136,1,1
final,reacher,91943,20,3306,160,184,1,1
final,reacher,91943,21,3311,100,124,0,1
final,reacher,91943,22,3365,159,183,1,1
final,reacher,91943,23,3538,6,30,1,1
final,reacher,91943,24,3876,137,161,0,1
final,reacher,91943,25,3963,114,138,1,1
final,reacher,91943,26,4237,112,136,0,1
final,reacher,91943,27,4252,137,161,1,1
final,reacher,91943,28,4283,169,193,1,1
final,reacher,91943,29,4401,154,178,1,1
final,reacher,91943,30,4454,123,147,1,1
final,reacher,91943,31,4608,80,104,1,1
final,reacher,91943,32,4680,136,160,1,1
final,reacher,91943,33,4760,138,162,1,1
final,reacher,91943,34,4899,135,159,1,1
final,reacher,91943,35,4939,154,178,1,1
final,reacher,91943,36,4971,136,160,1,1
final,reacher,91943,37,5038,14,38,1,1
final,reacher,91943,38,5051,35,59,1,1
final,reacher,91943,39,5138,96,120,1,1
final,reacher,91943,40,5151,63,87,1,1
final,reacher,91943,41,5219,17,41,1,1
final,reacher,91943,42,5247,26,50,1,1
final,reacher,91943,43,5340,145,169,1,1
final,reacher,91943,44,5418,128,152,1,1
final,reacher,91943,45,5439,57,81,1,1
final,reacher,91943,46,5442,64,88,1,1
final,reacher,91943,47,5446,63,87,1,1
final,reacher,91943,48,5596,93,117,1,1
final,reacher,91943,49,6045,9,33,1,1
final,reacher,91943,50,6091,122,146,1,1
final,reacher,91943,51,6121,169,193,1,1
final,reacher,91943,52,6216,156,180,1,1
final,reacher,91943,53,6279,13,37,1,1
final,reacher,91943,54,6306,87,111,1,1
final,reacher,91943,55,6324,171,195,1,1
final,reacher,91943,56,6349,18,42,1,1
final,reacher,91943,57,6401,78,102,1,1
final,reacher,91943,58,6435,6,30,1,1
final,reacher,91943,59,6730,100,124,1,1
final,reacher,91943,60,6810,59,83,1,1
final,reacher,91943,61,6871,38,62,1,1
final,reacher,91943,62,6874,31,55,1,1
final,reacher,91943,63,6986,73,97,1,1
final,reacher,91943,64,7105,169,193,1,1
final,reacher,91943,65,7182,51,75,0,1
final,reacher,91943,66,7361,104,128,1,1
final,reacher,91943,67,7405,2,26,1,1
final,reacher,91943,68,7471,164,188,1,1
final,reacher,91943,69,7557,25,49,1,1
final,reacher,91943,70,7601,115,139,1,1
final,reacher,91943,71,7649,126,150,1,1
final,reacher,91943,72,7747,63,87,1,1
final,reacher,91943,73,7822,14,38,1,1
final,reacher,91943,74,7933,36,60,1,1
final,reacher,91943,75,8063,15,39,1,1
final,reacher,91943,76,8063,79,103,1,1
final,reacher,91943,77,8116,34,58,1,1
final,reacher,91943,78,8120,61,85,1,1
final,reacher,91943,79,8177,67,91,1,1
final,reacher,91943,80,8217,165,189,1,1
final,reacher,91943,81,8340,78,102,1,1
final,reacher,91943,82,8523,138,162,1,1
final,reacher,91943,83,8545,69,93,1,1
final,reacher,91943,84,8630,32,56,1,1
final,reacher,91943,85,8674,89,113,1,1
final,reacher,91943,86,8784,143,167,1,1
final,reacher,91943,87,8851,106,130,1,1
final,reacher,91943,88,8864,34,58,1,1
final,reacher,91943,89,8926,33,57,1,1
final,reacher,91943,90,9043,9,33,1,1
final,reacher,91943,91,9128,135,159,1,1
final,reacher,91943,92,9267,151,175,1,1
final,reacher,91943,93,9585,172,196,1,1
final,reacher,91943,94,9734,76,100,1,1
final,reacher,91943,95,9746,167,191,1,1
final,reacher,91943,96,9943,123,147,1,1
final,reacher,91943,97,9966,136,160,1,1
final,reacher,91943,98,9967,130,154,1,1
final,reacher,91943,99,9969,18,42,1,1
final,pusht,2002,0,90,6,30,0,1
final,pusht,2002,1,145,20,44,1,1
final,pusht,2002,2,748,76,100,1,1
final,pusht,2002,3,864,62,86,1,1
final,pusht,2002,4,1511,7,31,0,0
final,pusht,2002,5,1525,78,102,1,1
final,pusht,2002,6,1694,32,56,1,1
final,pusht,2002,7,1730,24,48,0,1
final,pusht,2002,8,1971,71,95,1,1
final,pusht,2002,9,2072,97,121,1,1
final,pusht,2002,10,2106,90,114,1,1
final,pusht,2002,11,2173,2,26,1,1
final,pusht,2002,12,2542,24,48,1,1
final,pusht,2002,13,2704,22,46,1,1
final,pusht,2002,14,2724,10,34,1,1
final,pusht,2002,15,2795,13,37,1,1
final,pusht,2002,16,2820,47,71,1,1
final,pusht,2002,17,2925,11,35,1,1
final,pusht,2002,18,2936,217,241,1,1
final,pusht,2002,19,2989,149,173,1,1
final,pusht,2002,20,2997,1,25,0,0
final,pusht,2002,21,3060,84,108,1,1
final,pusht,2002,22,3303,59,83,1,1
final,pusht,2002,23,3448,39,63,1,1
final,pusht,2002,24,3487,42,66,1,1
final,pusht,2002,25,3678,60,84,1,1
final,pusht,2002,26,3751,74,98,1,1
final,pusht,2002,27,3756,111,135,1,1
final,pusht,2002,28,3985,34,58,1,1
final,pusht,2002,29,4183,48,72,1,1
final,pusht,2002,30,4185,22,46,1,1
final,pusht,2002,31,4278,28,52,1,1
final,pusht,2002,32,4390,32,56,1,1
final,pusht,2002,33,4523,85,109,1,1
final,pusht,2002,34,4531,73,97,1,1
final,pusht,2002,35,4717,121,145,1,1
final,pusht,2002,36,4718,125,149,1,1
final,pusht,2002,37,4728,5,29,1,0
final,pusht,2002,38,4740,25,49,1,1
final,pusht,2002,39,4762,104,128,1,1
final,pusht,2002,40,5014,120,144,1,1
final,pusht,2002,41,5440,24,48,0,0
final,pusht,2002,42,5911,25,49,1,1
final,pusht,2002,43,5962,54,78,1,1
final,pusht,2002,44,6089,140,164,1,1
final,pusht,2002,45,6660,63,87,1,1
final,pusht,2002,46,7060,8,32,0,1
final,pusht,2002,47,7113,27,51,0,0
final,pusht,2002,48,7720,15,39,1,1
final,pusht,2002,49,7838,1,25,1,1
final,pusht,2002,50,7885,6,30,0,0
final,pusht,2002,51,8329,17,41,0,1
final,pusht,2002,52,8525,3,27,1,1
final,pusht,2002,53,8528,40,64,1,1
final,pusht,2002,54,8596,24,48,0,1
final,pusht,2002,55,8623,73,97,1,1
final,pusht,2002,56,8668,64,88,1,1
final,pusht,2002,57,9036,16,40,1,1
final,pusht,2002,58,9142,70,94,1,1
final,pusht,2002,59,9814,31,55,1,1
final,pusht,2002,60,9896,53,77,1,1
final,pusht,2002,61,9968,63,87,1,1
final,pusht,2002,62,10358,47,71,1,1
final,pusht,2002,63,10822,6,30,0,1
final,pusht,2002,64,10861,105,129,1,1
final,pusht,2002,65,10917,88,112,1,1
final,pusht,2002,66,11148,105,129,1,1
final,pusht,2002,67,11199,51,75,1,1
final,pusht,2002,68,11375,32,56,1,1
final,pusht,2002,69,11464,88,112,1,1
final,pusht,2002,70,12108,20,44,0,1
final,pusht,2002,71,12270,70,94,1,1
final,pusht,2002,72,12615,172,196,1,0
final,pusht,2002,73,12873,73,97,1,1
final,pusht,2002,74,13385,89,113,1,1
final,pusht,2002,75,13608,59,83,1,1
final,pusht,2002,76,14152,15,39,1,1
final,pusht,2002,77,14255,46,70,1,1
final,pusht,2002,78,14573,43,67,1,1
final,pusht,2002,79,15128,94,118,1,1
final,pusht,2002,80,15484,32,56,1,1
final,pusht,2002,81,15678,149,173,1,1
final,pusht,2002,82,15760,36,60,1,1
final,pusht,2002,83,15997,148,172,1,1
final,pusht,2002,84,16360,54,78,1,1
final,pusht,2002,85,16420,31,55,1,1
final,pusht,2002,86,16604,23,47,1,1
final,pusht,2002,87,16652,87,111,1,1
final,pusht,2002,88,16697,119,143,1,1
final,pusht,2002,89,17065,27,51,1,1
final,pusht,2002,90,17215,41,65,1,1
final,pusht,2002,91,17339,16,40,1,1
final,pusht,2002,92,17366,49,73,0,1
final,pusht,2002,93,17601,78,102,1,1
final,pusht,2002,94,17749,45,69,1,1
final,pusht,2002,95,17806,91,115,1,1
final,pusht,2002,96,17961,30,54,1,1
final,pusht,2002,97,17991,52,76,1,1
final,pusht,2002,98,18218,26,50,1,1
final,pusht,2002,99,18556,3,27,1,1
final,pusht,71623,0,67,59,83,0,0
final,pusht,71623,1,85,74,98,1,1
final,pusht,71623,2,204,57,81,1,1
final,pusht,71623,3,382,2,26,1,1
final,pusht,71623,4,835,44,68,1,1
final,pusht,71623,5,923,25,49,0,1
final,pusht,71623,6,985,15,39,1,1
final,pusht,71623,7,1194,70,94,1,1
final,pusht,71623,8,1893,3,27,1,1
final,pusht,71623,9,2696,0,24,1,1
final,pusht,71623,10,2862,23,47,1,1
final,pusht,71623,11,2920,5,29,1,1
final,pusht,71623,12,2988,15,39,1,1
final,pusht,71623,13,3007,98,122,1,1
final,pusht,71623,14,3186,63,87,1,1
final,pusht,71623,15,3364,12,36,1,1
final,pusht,71623,16,3626,14,38,1,1
final,pusht,71623,17,3874,92,116,1,1
final,pusht,71623,18,4041,104,128,1,1
final,pusht,71623,19,4043,1,25,1,1
final,pusht,71623,20,4248,53,77,1,1
final,pusht,71623,21,4252,33,57,1,1
final,pusht,71623,22,4271,28,52,1,1
final,pusht,71623,23,4316,16,40,1,1
final,pusht,71623,24,4611,43,67,1,1
final,pusht,71623,25,4681,23,47,1,1
final,pusht,71623,26,4706,117,141,1,1
final,pusht,71623,27,4832,92,116,1,1
final,pusht,71623,28,4881,33,57,1,1
final,pusht,71623,29,5033,98,122,1,1
final,pusht,71623,30,5101,64,88,1,1
final,pusht,71623,31,5227,46,70,1,1
final,pusht,71623,32,5395,85,109,1,1
final,pusht,71623,33,5430,6,30,1,0
final,pusht,71623,34,5467,7,31,0,0
final,pusht,71623,35,5649,15,39,1,1
final,pusht,71623,36,5689,54,78,1,1
final,pusht,71623,37,5840,77,101,1,1
final,pusht,71623,38,5908,89,113,1,1
final,pusht,71623,39,6508,103,127,1,1
final,pusht,71623,40,6590,40,64,1,1
final,pusht,71623,41,6825,45,69,1,1
final,pusht,71623,42,6930,71,95,1,1
final,pusht,71623,43,7057,35,59,1,1
final,pusht,71623,44,7097,47,71,1,1
final,pusht,71623,45,7180,7,31,1,0
final,pusht,71623,46,7399,36,60,1,1
final,pusht,71623,47,8020,10,34,0,1
final,pusht,71623,48,8152,8,32,1,0
final,pusht,71623,49,8254,131,155,1,1
final,pusht,71623,50,8317,49,73,1,1
final,pusht,71623,51,8333,106,130,1,1
final,pusht,71623,52,8675,80,104,1,1
final,pusht,71623,53,8900,30,54,1,1
final,pusht,71623,54,9548,47,71,1,1
final,pusht,71623,55,9873,64,88,1,1
final,pusht,71623,56,9956,59,83,1,1
final,pusht,71623,57,9960,87,111,1,1
final,pusht,71623,58,10068,7,31,1,1
final,pusht,71623,59,10400,36,60,1,1
final,pusht,71623,60,11340,108,132,1,1
final,pusht,71623,61,11461,47,71,1,1
final,pusht,71623,62,11462,104,128,1,1
final,pusht,71623,63,11533,29,53,1,1
final,pusht,71623,64,11858,7,31,1,1
final,pusht,71623,65,12026,123,147,1,1
final,pusht,71623,66,12051,6,30,0,0
final,pusht,71623,67,12172,17,41,1,1
final,pusht,71623,68,12298,34,58,1,1
final,pusht,71623,69,12569,94,118,1,1
final,pusht,71623,70,12572,167,191,1,1
final,pusht,71623,71,12804,50,74,1,1
final,pusht,71623,72,12991,73,97,1,1
final,pusht,71623,73,13379,56,80,1,1
final,pusht,71623,74,13530,35,59,1,1
final,pusht,71623,75,13557,56,80,1,1
final,pusht,71623,76,13857,52,76,1,1
final,pusht,71623,77,14215,97,121,1,1
final,pusht,71623,78,14407,56,80,1,1
final,pusht,71623,79,14478,24,48,1,1
final,pusht,71623,80,14516,118,142,0,0
final,pusht,71623,81,14722,63,87,1,1
final,pusht,71623,82,15084,100,124,1,1
final,pusht,71623,83,15088,77,101,1,1
final,pusht,71623,84,15127,37,61,1,1
final,pusht,71623,85,15206,115,139,1,1
final,pusht,71623,86,15602,48,72,1,1
final,pusht,71623,87,16143,132,156,1,1
final,pusht,71623,88,16261,76,100,1,1
final,pusht,71623,89,16509,1,25,1,1
final,pusht,71623,90,16573,86,110,1,1
final,pusht,71623,91,16665,48,72,1,1
final,pusht,71623,92,16683,3,27,1,1
final,pusht,71623,93,17368,51,75,0,0
final,pusht,71623,94,17506,7,31,1,1
final,pusht,71623,95,17662,57,81,1,0
final,pusht,71623,96,17674,45,69,1,0
final,pusht,71623,97,17729,68,92,1,1
final,pusht,71623,98,17872,143,167,1,1
final,pusht,71623,99,17935,55,79,1,1
final,pusht,82715,0,186,68,92,1,1
final,pusht,82715,1,264,12,36,1,1
final,pusht,82715,2,671,69,93,1,1
final,pusht,82715,3,1526,5,29,0,0
final,pusht,82715,4,1537,94,118,1,1
final,pusht,82715,5,1692,56,80,0,1
final,pusht,82715,6,1970,24,48,1,1
final,pusht,82715,7,1980,78,102,1,1
final,pusht,82715,8,2222,94,118,1,1
final,pusht,82715,9,2503,18,42,0,1
final,pusht,82715,10,2775,43,67,1,1
final,pusht,82715,11,3034,38,62,1,1
final,pusht,82715,12,3146,115,139,1,1
final,pusht,82715,13,3537,32,56,1,1
final,pusht,82715,14,4020,100,124,1,1
final,pusht,82715,15,4189,43,67,1,1
final,pusht,82715,16,4373,24,48,0,1
final,pusht,82715,17,4655,15,39,1,1
final,pusht,82715,18,5066,49,73,1,1
final,pusht,82715,19,5119,137,161,1,1
final,pusht,82715,20,5219,60,84,1,1
final,pusht,82715,21,5257,8,32,1,1
final,pusht,82715,22,5465,73,97,1,1
final,pusht,82715,23,5866,27,51,1,1
final,pusht,82715,24,5941,110,134,1,0
final,pusht,82715,25,5949,31,55,1,1
final,pusht,82715,26,5976,43,67,1,1
final,pusht,82715,27,6042,67,91,1,1
final,pusht,82715,28,6099,111,135,1,1
final,pusht,82715,29,6100,131,155,0,1
final,pusht,82715,30,6485,38,62,1,1
final,pusht,82715,31,6656,72,96,1,1
final,pusht,82715,32,6673,51,75,1,1
final,pusht,82715,33,7091,60,84,1,1
final,pusht,82715,34,7267,1,25,1,1
final,pusht,82715,35,7451,72,96,1,1
final,pusht,82715,36,7516,81,105,1,1
final,pusht,82715,37,7574,103,127,1,1
final,pusht,82715,38,7807,10,34,1,1
final,pusht,82715,39,8041,26,50,1,1
final,pusht,82715,40,8108,22,46,0,1
final,pusht,82715,41,8331,19,43,0,1
final,pusht,82715,42,8694,12,36,0,1
final,pusht,82715,43,8748,31,55,1,1
final,pusht,82715,44,8842,4,28,0,0
final,pusht,82715,45,8850,130,154,1,1
final,pusht,82715,46,9132,25,49,1,1
final,pusht,82715,47,9906,74,98,1,1
final,pusht,82715,48,9939,104,128,1,1
final,pusht,82715,49,9945,112,136,1,1
final,pusht,82715,50,10117,148,172,0,1
final,pusht,82715,51,10248,78,102,1,1
final,pusht,82715,52,10403,57,81,1,1
final,pusht,82715,53,10469,136,160,1,1
final,pusht,82715,54,10642,46,70,1,1
final,pusht,82715,55,10883,91,115,1,1
final,pusht,82715,56,10914,35,59,1,1
final,pusht,82715,57,11021,76,100,1,1
final,pusht,82715,58,11242,78,102,1,1
final,pusht,82715,59,11326,48,72,1,1
final,pusht,82715,60,11509,12,36,1,1
final,pusht,82715,61,11517,65,89,1,1
final,pusht,82715,62,11555,58,82,1,1
final,pusht,82715,63,11979,38,62,1,1
final,pusht,82715,64,12113,74,98,0,0
final,pusht,82715,65,12421,90,114,1,1
final,pusht,82715,66,12529,79,103,0,1
final,pusht,82715,67,12539,54,78,1,1
final,pusht,82715,68,12547,174,198,1,1
final,pusht,82715,69,12850,57,81,1,1
final,pusht,82715,70,12921,85,109,1,1
final,pusht,82715,71,13089,3,27,0,1
final,pusht,82715,72,13110,13,37,1,1
final,pusht,82715,73,13171,8,32,1,1
final,pusht,82715,74,13266,41,65,1,1
final,pusht,82715,75,13431,27,51,1,1
final,pusht,82715,76,13946,114,138,1,1
final,pusht,82715,77,14167,6,30,1,1
final,pusht,82715,78,14295,28,52,1,1
final,pusht,82715,79,14897,33,57,1,1
final,pusht,82715,80,15168,119,143,1,1
final,pusht,82715,81,15230,108,132,1,1
final,pusht,82715,82,15935,71,95,1,1
final,pusht,82715,83,16024,2,26,1,0
final,pusht,82715,84,16061,11,35,1,0
final,pusht,82715,85,16102,9,33,0,0
final,pusht,82715,86,16116,115,139,1,1
final,pusht,82715,87,16164,80,104,1,1
final,pusht,82715,88,16535,11,35,1,1
final,pusht,82715,89,16544,6,30,0,1
final,pusht,82715,90,16960,84,108,1,1
final,pusht,82715,91,17076,49,73,1,1
final,pusht,82715,92,17109,100,124,1,1
final,pusht,82715,93,17335,145,169,1,1
final,pusht,82715,94,17482,33,57,1,1
final,pusht,82715,95,17662,79,103,1,1
final,pusht,82715,96,18062,31,55,0,0
final,pusht,82715,97,18099,2,26,0,1
final,pusht,82715,98,18164,20,44,1,1
final,pusht,82715,99,18613,47,71,1,1
final,pusht,86604,0,737,2,26,1,0
final,pusht,86604,1,852,61,85,1,1
final,pusht,86604,2,898,145,169,1,1
final,pusht,86604,3,1693,105,129,1,0
final,pusht,86604,4,1740,13,37,1,1
final,pusht,86604,5,2028,32,56,1,1
final,pusht,86604,6,2320,33,57,1,1
final,pusht,86604,7,2817,29,53,1,1
final,pusht,86604,8,2911,52,76,1,1
final,pusht,86604,9,2977,129,153,0,1
final,pusht,86604,10,3300,32,56,1,1
final,pusht,86604,11,3465,14,38,0,1
final,pusht,86604,12,3710,58,82,1,1
final,pusht,86604,13,3714,99,123,1,1
final,pusht,86604,14,3730,14,38,0,0
final,pusht,86604,15,3870,61,85,1,1
final,pusht,86604,16,3889,97,121,0,1
final,pusht,86604,17,4380,37,61,0,1
final,pusht,86604,18,4406,22,46,1,1
final,pusht,86604,19,4420,69,93,1,1
final,pusht,86604,20,4519,2,26,1,1
final,pusht,86604,21,4619,37,61,1,1
final,pusht,86604,22,5053,97,121,1,1
final,pusht,86604,23,5262,17,41,1,1
final,pusht,86604,24,5363,37,61,1,1
final,pusht,86604,25,5679,68,92,0,1
final,pusht,86604,26,5806,73,97,1,1
final,pusht,86604,27,6670,15,39,1,1
final,pusht,86604,28,6795,42,66,1,1
final,pusht,86604,29,7235,88,112,1,1
final,pusht,86604,30,7262,69,93,1,1
final,pusht,86604,31,7335,79,103,1,1
final,pusht,86604,32,8004,86,110,1,1
final,pusht,86604,33,8052,28,52,0,1
final,pusht,86604,34,8054,97,121,1,1
final,pusht,86604,35,8131,70,94,1,1
final,pusht,86604,36,8260,31,55,0,1
final,pusht,86604,37,8276,7,31,0,1
final,pusht,86604,38,8428,85,109,1,1
final,pusht,86604,39,8818,61,85,1,1
final,pusht,86604,40,9000,34,58,1,1
final,pusht,86604,41,9275,79,103,0,1
final,pusht,86604,42,9665,72,96,1,1
final,pusht,86604,43,9881,73,97,1,1
final,pusht,86604,44,9883,15,39,1,1
final,pusht,86604,45,10263,3,27,0,0
final,pusht,86604,46,10280,68,92,1,1
final,pusht,86604,47,10381,67,91,1,1
final,pusht,86604,48,10624,30,54,1,1
final,pusht,86604,49,11246,64,88,1,1
final,pusht,86604,50,11261,90,114,1,1
final,pusht,86604,51,11289,23,47,1,1
final,pusht,86604,52,11381,5,29,1,1
final,pusht,86604,53,11399,128,152,1,1
final,pusht,86604,54,11481,82,106,1,1
final,pusht,86604,55,11685,0,24,1,1
final,pusht,86604,56,12137,27,51,1,1
final,pusht,86604,57,12140,54,78,1,1
final,pusht,86604,58,12206,45,69,1,1
final,pusht,86604,59,12232,0,24,1,1
final,pusht,86604,60,12258,30,54,1,1
final,pusht,86604,61,12571,64,88,1,1
final,pusht,86604,62,12627,15,39,1,1
final,pusht,86604,63,13214,18,42,1,1
final,pusht,86604,64,13463,41,65,1,1
final,pusht,86604,65,13502,87,111,1,1
final,pusht,86604,66,13580,84,108,1,1
final,pusht,86604,67,13677,29,53,1,1
final,pusht,86604,68,13867,4,28,0,0
final,pusht,86604,69,13902,61,85,1,1
final,pusht,86604,70,13970,45,69,1,1
final,pusht,86604,71,14064,30,54,0,1
final,pusht,86604,72,14166,96,120,1,1
final,pusht,86604,73,14173,44,68,1,1
final,pusht,86604,74,14187,46,70,1,1
final,pusht,86604,75,14425,13,37,1,1
final,pusht,86604,76,14534,68,92,0,1
final,pusht,86604,77,14938,4,28,1,1
final,pusht,86604,78,15102,33,57,1,1
final,pusht,86604,79,15220,91,115,1,1
final,pusht,86604,80,15632,2,26,1,1
final,pusht,86604,81,15637,64,88,1,1
final,pusht,86604,82,15664,8,32,1,1
final,pusht,86604,83,15966,71,95,1,1
final,pusht,86604,84,15969,58,82,1,1
final,pusht,86604,85,15979,32,56,1,1
final,pusht,86604,86,16216,155,179,1,1
final,pusht,86604,87,16231,133,157,1,1
final,pusht,86604,88,16398,59,83,1,1
final,pusht,86604,89,16585,1,25,0,1
final,pusht,86604,90,16627,4,28,0,1
final,pusht,86604,91,16932,85,109,1,1
final,pusht,86604,92,16979,29,53,1,1
final,pusht,86604,93,17131,102,126,0,0
final,pusht,86604,94,17211,43,67,1,1
final,pusht,86604,95,17246,54,78,1,1
final,pusht,86604,96,17546,75,99,1,1
final,pusht,86604,97,17688,60,84,1,1
final,pusht,86604,98,17774,42,66,1,1
final,pusht,86604,99,18062,17,41,1,1
final,pusht,91943,0,253,21,45,1,1
final,pusht,91943,1,389,23,47,1,1
final,pusht,91943,2,1058,55,79,1,1
final,pusht,91943,3,1183,74,98,1,1
final,pusht,91943,4,1198,37,61,1,1
final,pusht,91943,5,1293,2,26,0,1
final,pusht,91943,6,1451,19,43,1,1
final,pusht,91943,7,1641,108,132,1,1
final,pusht,91943,8,2682,3,27,1,1
final,pusht,91943,9,3875,88,112,1,1
final,pusht,91943,10,3942,80,104,1,1
final,pusht,91943,11,3996,73,97,1,1
final,pusht,91943,12,4242,2,26,0,0
final,pusht,91943,13,4947,2,26,0,1
final,pusht,91943,14,5091,160,184,1,1
final,pusht,91943,15,5143,51,75,1,1
final,pusht,91943,16,5470,73,97,1,1
final,pusht,91943,17,5528,34,58,1,1
final,pusht,91943,18,5683,15,39,1,1
final,pusht,91943,19,5894,50,74,0,1
final,pusht,91943,20,6159,131,155,1,1
final,pusht,91943,21,6167,17,41,0,1
final,pusht,91943,22,6254,84,108,1,1
final,pusht,91943,23,6634,63,87,1,1
final,pusht,91943,24,7330,30,54,1,1
final,pusht,91943,25,7492,17,41,1,1
final,pusht,91943,26,8076,77,101,1,1
final,pusht,91943,27,8106,14,38,0,1
final,pusht,91943,28,8168,15,39,1,0
final,pusht,91943,29,8331,43,67,1,1
final,pusht,91943,30,8405,27,51,1,1
final,pusht,91943,31,8740,5,29,1,1
final,pusht,91943,32,8866,53,77,1,1
final,pusht,91943,33,8983,12,36,1,1
final,pusht,91943,34,9355,6,30,0,0
final,pusht,91943,35,9476,63,87,0,0
final,pusht,91943,36,9537,100,124,1,1
final,pusht,91943,37,9667,13,37,1,1
final,pusht,91943,38,9696,30,54,1,1
final,pusht,91943,39,9876,20,44,1,1
final,pusht,91943,40,9899,55,79,1,1
final,pusht,91943,41,10015,48,72,1,1
final,pusht,91943,42,10094,1,25,1,1
final,pusht,91943,43,10207,68,92,1,1
final,pusht,91943,44,10321,63,87,1,1
final,pusht,91943,45,10354,54,78,1,1
final,pusht,91943,46,10359,36,60,1,1
final,pusht,91943,47,10365,81,105,1,1
final,pusht,91943,48,10626,78,102,0,0
final,pusht,91943,49,11338,55,79,1,1
final,pusht,91943,50,11392,84,108,0,1
final,pusht,91943,51,11432,7,31,1,1
final,pusht,91943,52,11571,60,84,1,1
final,pusht,91943,53,11700,16,40,1,0
final,pusht,91943,54,11756,38,62,1,1
final,pusht,91943,55,11790,90,114,1,1
final,pusht,91943,56,11862,13,37,1,1
final,pusht,91943,57,11988,27,51,1,1
final,pusht,91943,58,12042,77,101,1,1
final,pusht,91943,59,12541,68,92,1,1
final,pusht,91943,60,12624,40,64,1,1
final,pusht,91943,61,12789,111,135,1,1
final,pusht,91943,62,12794,30,54,1,1
final,pusht,91943,63,12989,1,25,1,1
final,pusht,91943,64,13203,8,32,1,1
final,pusht,91943,65,13314,96,120,1,1
final,pusht,91943,66,13594,84,108,1,1
final,pusht,91943,67,13679,76,100,1,1
final,pusht,91943,68,13870,55,79,1,1
final,pusht,91943,69,14004,40,64,1,1
final,pusht,91943,70,14082,65,89,1,1
final,pusht,91943,71,14171,94,118,1,1
final,pusht,91943,72,14348,36,60,1,1
final,pusht,91943,73,14482,29,53,1,1
final,pusht,91943,74,14652,109,133,1,1
final,pusht,91943,75,14982,42,66,0,1
final,pusht,91943,76,14983,51,75,0,1
final,pusht,91943,77,15099,100,124,1,1
final,pusht,91943,78,15106,60,84,1,1
final,pusht,91943,79,15193,25,49,1,1
final,pusht,91943,80,15252,57,81,1,1
final,pusht,91943,81,15628,1,25,1,1
final,pusht,91943,82,15937,23,47,1,1
final,pusht,91943,83,15970,22,46,1,1
final,pusht,91943,84,16072,20,44,0,0
final,pusht,91943,85,16120,53,77,1,1
final,pusht,91943,86,16227,126,150,1,1
final,pusht,91943,87,16333,63,87,1,1
final,pusht,91943,88,16364,2,26,1,1
final,pusht,91943,89,16519,37,61,1,1
final,pusht,91943,90,16737,94,118,1,1
final,pusht,91943,91,17000,0,24,0,1
final,pusht,91943,92,17264,75,99,1,1
final,pusht,91943,93,17783,102,126,1,1
final,pusht,91943,94,17991,21,45,1,1
final,pusht,91943,95,18027,57,81,1,1
final,pusht,91943,96,18563,48,72,1,1
final,pusht,91943,97,18614,42,66,1,1
final,pusht,91943,98,18616,41,65,1,1
final,pusht,91943,99,18619,34,58,1,1
final,tworoom,2002,0,42,27,51,1,1
final,tworoom,2002,1,70,73,97,1,1
final,tworoom,2002,2,369,43,67,0,0
final,tworoom,2002,3,450,29,53,1,1
final,tworoom,2002,4,794,24,48,1,1
final,tworoom,2002,5,803,58,82,0,0
final,tworoom,2002,6,905,8,32,0,1
final,tworoom,2002,7,923,2,26,1,1
final,tworoom,2002,8,1014,35,59,1,1
final,tworoom,2002,9,1071,34,58,1,1
final,tworoom,2002,10,1093,34,58,1,1
final,tworoom,2002,11,1118,14,38,1,1
final,tworoom,2002,12,1262,37,61,1,1
final,tworoom,2002,13,1331,0,24,1,1
final,tworoom,2002,14,1342,31,55,1,1
final,tworoom,2002,15,1370,72,96,1,1
final,tworoom,2002,16,1380,21,45,1,1
final,tworoom,2002,17,1448,6,30,1,1
final,tworoom,2002,18,1461,11,35,1,1
final,tworoom,2002,19,1522,10,34,1,1
final,tworoom,2002,20,1530,19,43,1,1
final,tworoom,2002,21,1586,8,32,1,1
final,tworoom,2002,22,1724,65,89,1,1
final,tworoom,2002,23,1803,59,83,1,1
final,tworoom,2002,24,1820,24,48,0,1
final,tworoom,2002,25,1923,14,38,1,1
final,tworoom,2002,26,1968,61,85,0,1
final,tworoom,2002,27,1971,48,72,1,1
final,tworoom,2002,28,2128,32,56,1,1
final,tworoom,2002,29,2243,58,82,1,1
final,tworoom,2002,30,2244,15,39,1,1
final,tworoom,2002,31,2274,63,87,1,1
final,tworoom,2002,32,2314,23,47,1,1
final,tworoom,2002,33,2392,54,78,1,1
final,tworoom,2002,34,2398,72,96,1,1
final,tworoom,2002,35,2485,68,92,1,1
final,tworoom,2002,36,2486,41,65,1,1
final,tworoom,2002,37,2492,53,77,1,1
final,tworoom,2002,38,2502,14,38,1,1
final,tworoom,2002,39,2517,34,58,1,1
final,tworoom,2002,40,2682,34,58,1,1
final,tworoom,2002,41,2963,70,94,1,1
final,tworoom,2002,42,3159,10,34,1,1
final,tworoom,2002,43,3192,56,80,1,1
final,tworoom,2002,44,3260,6,30,1,1
final,tworoom,2002,45,3562,0,24,0,0
final,tworoom,2002,46,3751,17,41,0,1
final,tworoom,2002,47,3775,54,78,1,1
final,tworoom,2002,48,4099,36,60,1,1
final,tworoom,2002,49,4135,52,76,1,1
final,tworoom,2002,50,4147,44,68,1,1
final,tworoom,2002,51,4410,50,74,1,1
final,tworoom,2002,52,4530,40,64,1,1
final,tworoom,2002,53,4532,44,68,1,1
final,tworoom,2002,54,4560,30,54,1,1
final,tworoom,2002,55,4573,17,41,1,1
final,tworoom,2002,56,4598,2,26,0,1
final,tworoom,2002,57,4784,43,67,1,1
final,tworoom,2002,58,4820,17,41,1,1
final,tworoom,2002,59,5114,4,28,1,1
final,tworoom,2002,60,5157,23,47,1,1
final,tworoom,2002,61,5202,37,61,1,1
final,tworoom,2002,62,5445,17,41,1,1
final,tworoom,2002,63,5709,26,50,1,1
final,tworoom,2002,64,5741,22,46,1,1
final,tworoom,2002,65,5780,30,54,1,1
final,tworoom,2002,66,5911,15,39,1,1
final,tworoom,2002,67,5940,4,28,0,1
final,tworoom,2002,68,6080,41,65,1,1
final,tworoom,2002,69,6147,9,33,0,1
final,tworoom,2002,70,6486,30,54,1,1
final,tworoom,2002,71,6586,51,75,0,1
final,tworoom,2002,72,6814,72,96,1,1
final,tworoom,2002,73,6939,56,80,1,1
final,tworoom,2002,74,7255,65,89,1,1
final,tworoom,2002,75,7381,50,74,1,1
final,tworoom,2002,76,7648,41,65,0,0
final,tworoom,2002,77,7726,14,38,0,1
final,tworoom,2002,78,7903,16,40,1,1
final,tworoom,2002,79,8147,70,94,1,1
final,tworoom,2002,80,8301,57,81,1,1
final,tworoom,2002,81,8389,33,57,1,1
final,tworoom,2002,82,8466,30,54,1,1
final,tworoom,2002,83,8583,66,90,1,1
final,tworoom,2002,84,8878,49,73,0,1
final,tworoom,2002,85,8904,13,37,1,1
final,tworoom,2002,86,8981,17,41,1,1
final,tworoom,2002,87,9005,15,39,1,1
final,tworoom,2002,88,9031,56,80,1,1
final,tworoom,2002,89,9155,57,81,0,1
final,tworoom,2002,90,9250,62,86,1,1
final,tworoom,2002,91,9344,32,56,1,1
final,tworoom,2002,92,9370,4,28,1,1
final,tworoom,2002,93,9477,57,81,1,1
final,tworoom,2002,94,9567,22,46,1,1
final,tworoom,2002,95,9608,1,25,1,1
final,tworoom,2002,96,9722,71,95,1,1
final,tworoom,2002,97,9736,63,87,1,1
final,tworoom,2002,98,9818,46,70,1,1
final,tworoom,2002,99,9940,50,74,1,1
final,tworoom,71623,0,30,69,93,1,1
final,tworoom,71623,1,40,40,64,1,1
final,tworoom,71623,2,105,3,27,1,1
final,tworoom,71623,3,183,52,76,0,1
final,tworoom,71623,4,424,4,28,0,1
final,tworoom,71623,5,495,19,43,1,1
final,tworoom,71623,6,526,14,38,1,1
final,tworoom,71623,7,625,35,59,1,1
final,tworoom,71623,8,976,18,42,1,1
final,tworoom,71623,9,1326,4,28,1,1
final,tworoom,71623,10,1406,75,99,1,1
final,tworoom,71623,11,1444,66,90,1,1
final,tworoom,71623,12,1519,75,99,0,0
final,tworoom,71623,13,1542,7,31,0,1
final,tworoom,71623,14,1662,37,61,1,1
final,tworoom,71623,15,1756,36,60,1,1
final,tworoom,71623,16,1890,51,75,1,1
final,tworoom,71623,17,2048,3,27,1,1
final,tworoom,71623,18,2164,35,59,1,1
final,tworoom,71623,19,2165,47,71,1,1
final,tworoom,71623,20,2265,27,51,0,0
final,tworoom,71623,21,2267,0,24,1,1
final,tworoom,71623,22,2272,67,91,1,1
final,tworoom,71623,23,2286,24,48,1,1
final,tworoom,71623,24,2424,26,50,0,1
final,tworoom,71623,25,2458,29,53,1,1
final,tworoom,71623,26,2477,29,53,1,1
final,tworoom,71623,27,2564,24,48,1,1
final,tworoom,71623,28,2594,23,47,1,1
final,tworoom,71623,29,2695,41,65,1,1
final,tworoom,71623,30,2752,42,66,1,1
final,tworoom,71623,31,2848,4,28,1,1
final,tworoom,71623,32,2936,56,80,1,1
final,tworoom,71623,33,2957,72,96,1,1
final,tworoom,71623,34,2977,29,53,1,1
final,tworoom,71623,35,3032,4,28,0,0
final,tworoom,71623,36,3050,35,59,1,1
final,tworoom,71623,37,3116,3,27,0,1
final,tworoom,71623,38,3157,44,68,1,1
final,tworoom,71623,39,3479,61,85,1,1
final,tworoom,71623,40,3531,28,52,1,1
final,tworoom,71623,41,3623,72,96,1,1
final,tworoom,71623,42,3688,33,57,1,1
final,tworoom,71623,43,3750,26,50,1,1
final,tworoom,71623,44,3769,30,54,1,1
final,tworoom,71623,45,3805,28,52,1,1
final,tworoom,71623,46,3924,2,26,1,1
final,tworoom,71623,47,4211,49,73,0,0
final,tworoom,71623,48,4284,52,76,1,1
final,tworoom,71623,49,4352,57,81,1,1
final,tworoom,71623,50,4401,20,44,1,1
final,tworoom,71623,51,4414,15,39,1,1
final,tworoom,71623,52,4600,74,98,1,1
final,tworoom,71623,53,4713,28,52,1,1
final,tworoom,71623,54,4990,13,37,1,1
final,tworoom,71623,55,5145,33,57,1,1
final,tworoom,71623,56,5195,75,99,1,1
final,tworoom,71623,57,5198,13,37,1,1
final,tworoom,71623,58,5245,10,34,1,1
final,tworoom,71623,59,5473,34,58,1,1
final,tworoom,71623,60,6050,31,55,1,1
final,tworoom,71623,61,6144,47,71,1,1
final,tworoom,71623,62,6145,65,89,1,1
final,tworoom,71623,63,6192,1,25,1,1
final,tworoom,71623,64,6351,59,83,1,1
final,tworoom,71623,65,6431,68,92,1,1
final,tworoom,71623,66,6448,27,51,1,1
final,tworoom,71623,67,6525,7,31,1,1
final,tworoom,71623,68,6608,20,44,1,1
final,tworoom,71623,69,6768,55,79,1,1
final,tworoom,71623,70,6772,22,46,1,1
final,tworoom,71623,71,6895,15,39,1,1
final,tworoom,71623,72,7002,49,73,1,1
final,tworoom,71623,73,7250,17,41,1,1
final,tworoom,71623,74,7342,38,62,1,1
final,tworoom,71623,75,7355,64,88,1,1
final,tworoom,71623,76,7480,46,70,0,1
final,tworoom,71623,77,7700,1,25,1,1
final,tworoom,71623,78,7786,5,29,1,1
final,tworoom,71623,79,7829,48,72,1,1
final,tworoom,71623,80,7865,34,58,1,1
final,tworoom,71623,81,7994,6,30,0,1
final,tworoom,71623,82,8118,39,63,1,1
final,tworoom,71623,83,8121,1,25,0,0
final,tworoom,71623,84,8146,30,54,1,1
final,tworoom,71623,85,8200,19,43,1,1
final,tworoom,71623,86,8342,13,37,1,1
final,tworoom,71623,87,8715,25,49,1,1
final,tworoom,71623,88,8837,15,39,1,1
final,tworoom,71623,89,8941,0,24,1,1
final,tworoom,71623,90,8967,7,31,0,1
final,tworoom,71623,91,9011,8,32,1,1
final,tworoom,71623,92,9022,20,44,0,1
final,tworoom,71623,93,9371,63,87,1,1
final,tworoom,71623,94,9430,13,37,1,1
final,tworoom,71623,95,9515,3,27,0,1
final,tworoom,71623,96,9522,37,61,1,1
final,tworoom,71623,97,9555,19,43,1,1
final,tworoom,71623,98,9671,2,26,1,1
final,tworoom,71623,99,9708,15,39,1,1
final,tworoom,82715,0,93,60,84,0,0
final,tworoom,82715,1,123,36,60,1,1
final,tworoom,82715,2,320,34,58,1,1
final,tworoom,82715,3,803,71,95,1,1
final,tworoom,82715,4,811,14,38,0,0
final,tworoom,82715,5,903,63,87,0,0
final,tworoom,82715,6,1013,3,27,1,1
final,tworoom,82715,7,1018,54,78,1,1
final,tworoom,82715,8,1132,0,24,1,0
final,tworoom,82715,9,1250,7,31,1,1
final,tworoom,82715,10,1362,39,63,1,1
final,tworoom,82715,11,1570,31,55,1,1
final,tworoom,82715,12,1638,6,30,1,1
final,tworoom,82715,13,1840,31,55,1,1
final,tworoom,82715,14,2151,45,69,0,1
final,tworoom,82715,15,2245,72,96,1,1
final,tworoom,82715,16,2307,18,42,1,1
final,tworoom,82715,17,2439,48,72,1,1
final,tworoom,82715,18,2722,64,88,1,1
final,tworoom,82715,19,2769,13,37,1,1
final,tworoom,82715,20,2842,45,69,0,1
final,tworoom,82715,21,2866,40,64,0,0
final,tworoom,82715,22,2976,60,84,0,0
final,tworoom,82715,23,3127,60,84,1,1
final,tworoom,82715,24,3180,47,71,1,1
final,tworoom,82715,25,3185,40,64,0,0
final,tworoom,82715,26,3198,27,51,1,1
final,tworoom,82715,27,3229,27,51,0,1
final,tworoom,82715,28,3268,52,76,1,1
final,tworoom,82715,29,3270,8,32,1,1
final,tworoom,82715,30,3460,58,82,1,1
final,tworoom,82715,31,3560,39,63,1,1
final,tworoom,82715,32,3566,7,31,1,1
final,tworoom,82715,33,3767,13,37,1,1
final,tworoom,82715,34,3852,5,29,1,1
final,tworoom,82715,35,3949,1,25,1,1
final,tworoom,82715,36,3990,23,47,1,1
final,tworoom,82715,37,4033,52,76,1,1
final,tworoom,82715,38,4129,3,27,1,1
final,tworoom,82715,39,4224,28,52,1,1
final,tworoom,82715,40,4262,48,72,1,1
final,tworoom,82715,41,4412,2,26,0,1
final,tworoom,82715,42,4608,0,24,1,1
final,tworoom,82715,43,4623,7,31,1,1
final,tworoom,82715,44,4671,12,36,0,1
final,tworoom,82715,45,4677,60,84,0,1
final,tworoom,82715,46,4815,12,36,1,1
final,tworoom,82715,47,5164,7,31,1,1
final,tworoom,82715,48,5184,27,51,1,1
final,tworoom,82715,49,5188,32,56,1,1
final,tworoom,82715,50,5272,46,70,1,1
final,tworoom,82715,51,5374,27,51,1,1
final,tworoom,82715,52,5474,75,99,1,1
final,tworoom,82715,53,5535,43,67,1,1
final,tworoom,82715,54,5615,21,45,1,1
final,tworoom,82715,55,5758,15,39,1,1
final,tworoom,82715,56,5778,49,73,1,1
final,tworoom,82715,57,5833,41,65,1,1
final,tworoom,82715,58,5972,62,86,1,1
final,tworoom,82715,59,6038,39,63,0,1
final,tworoom,82715,60,6175,43,67,1,1
final,tworoom,82715,61,6180,54,78,1,1
final,tworoom,82715,62,6209,64,88,1,1
final,tworoom,82715,63,6403,27,51,1,1
final,tworoom,82715,64,6489,32,56,1,1
final,tworoom,82715,65,6690,42,66,1,1
final,tworoom,82715,66,6730,30,54,1,1
final,tworoom,82715,67,6739,34,58,1,1
final,tworoom,82715,68,6748,30,54,1,1
final,tworoom,82715,69,6925,67,91,1,1
final,tworoom,82715,70,6968,28,52,0,1
final,tworoom,82715,71,7050,13,37,1,1
final,tworoom,82715,72,7060,64,88,1,1
final,tworoom,82715,73,7098,40,64,0,1
final,tworoom,82715,74,7163,3,27,0,1
final,tworoom,82715,75,7293,5,29,1,1
final,tworoom,82715,76,7526,44,68,1,1
final,tworoom,82715,77,7660,17,41,1,1
final,tworoom,82715,78,7739,28,52,1,1
final,tworoom,82715,79,8052,57,81,1,1
final,tworoom,82715,80,8174,43,67,0,0
final,tworoom,82715,81,8216,30,54,1,1
final,tworoom,82715,82,8538,71,95,1,0
final,tworoom,82715,83,8605,26,50,1,1
final,tworoom,82715,84,8636,41,65,1,1
final,tworoom,82715,85,8676,22,46,0,0
final,tworoom,82715,86,8690,67,91,1,1
final,tworoom,82715,87,8733,26,50,1,1
final,tworoom,82715,88,8950,22,46,1,1
final,tworoom,82715,89,8953,39,63,0,1
final,tworoom,82715,90,9131,9,33,1,1
final,tworoom,82715,91,9161,47,71,1,1
final,tworoom,82715,92,9184,66,90,1,1
final,tworoom,82715,93,9341,13,37,0,1
final,tworoom,82715,94,9420,20,44,1,1
final,tworoom,82715,95,9515,27,51,1,1
final,tworoom,82715,96,9760,30,54,1,1
final,tworoom,82715,97,9774,8,32,0,1
final,tworoom,82715,98,9797,50,74,1,1
final,tworoom,82715,99,9965,24,48,1,1
final,tworoom,86604,0,363,33,57,1,1
final,tworoom,86604,1,440,17,41,1,1
final,tworoom,86604,2,479,54,78,1,1
final,tworoom,86604,3,904,59,83,1,1
final,tworoom,86604,4,926,1,25,1,1
final,tworoom,86604,5,1044,75,99,1,1
final,tworoom,86604,6,1188,10,34,1,1
final,tworoom,86604,7,1379,9,33,1,1
final,tworoom,86604,8,1438,54,78,1,1
final,tworoom,86604,9,1508,71,95,1,1
final,tworoom,86604,10,1723,29,53,1,1
final,tworoom,86604,11,1810,35,59,0,0
final,tworoom,86604,12,1942,47,71,1,1
final,tworoom,86604,13,1945,70,94,1,1
final,tworoom,86604,14,1956,29,53,1,1
final,tworoom,86604,15,2044,22,46,1,1
final,tworoom,86604,16,2059,46,70,1,1
final,tworoom,86604,17,2310,20,44,1,1
final,tworoom,86604,18,2320,6,30,1,1
final,tworoom,86604,19,2326,19,43,1,1
final,tworoom,86604,20,2389,55,79,1,1
final,tworoom,86604,21,2426,36,60,1,1
final,tworoom,86604,22,2711,43,67,1,1
final,tworoom,86604,23,2869,16,40,1,1
final,tworoom,86604,24,2918,15,39,1,1
final,tworoom,86604,25,3045,57,81,0,0
final,tworoom,86604,26,3102,41,65,1,1
final,tworoom,86604,27,3565,23,47,1,1
final,tworoom,86604,28,3608,36,60,1,1
final,tworoom,86604,29,3834,60,84,1,1
final,tworoom,86604,30,3849,58,82,1,1
final,tworoom,86604,31,3889,29,53,1,1
final,tworoom,86604,32,4202,66,90,1,1
final,tworoom,86604,33,4231,11,35,1,1
final,tworoom,86604,34,4233,13,37,1,1
final,tworoom,86604,35,4273,49,73,1,1
final,tworoom,86604,36,4357,44,68,1,1
final,tworoom,86604,37,4371,4,28,1,1
final,tworoom,86604,38,4479,26,50,1,1
final,tworoom,86604,39,4654,55,79,1,1
final,tworoom,86604,40,4777,18,42,1,1
final,tworoom,86604,41,4882,12,36,1,1
final,tworoom,86604,42,5048,61,85,1,1
final,tworoom,86604,43,5149,59,83,1,1
final,tworoom,86604,44,5150,46,70,1,1
final,tworoom,86604,45,5384,22,46,1,1
final,tworoom,86604,46,5395,11,35,0,1
final,tworoom,86604,47,5461,41,65,1,1
final,tworoom,86604,48,5603,45,69,0,0
final,tworoom,86604,49,5975,50,74,1,1
final,tworoom,86604,50,5987,27,51,1,1
final,tworoom,86604,51,6010,12,36,1,1
final,tworoom,86604,52,6085,69,93,1,1
final,tworoom,86604,53,6101,44,68,0,0
final,tworoom,86604,54,6158,15,39,1,1
final,tworoom,86604,55,6276,34,58,0,0
final,tworoom,86604,56,6505,3,27,1,1
final,tworoom,86604,57,6506,50,74,1,1
final,tworoom,86604,58,6545,9,33,1,1
final,tworoom,86604,59,6560,18,42,1,1
final,tworoom,86604,60,6577,49,73,0,1
final,tworoom,86604,61,6770,14,38,1,1
final,tworoom,86604,62,6825,19,43,1,1
final,tworoom,86604,63,7127,57,81,1,1
final,tworoom,86604,64,7308,35,59,0,0
final,tworoom,86604,65,7328,30,54,1,1
final,tworoom,86604,66,7367,42,66,1,1
final,tworoom,86604,67,7416,48,72,1,1
final,tworoom,86604,68,7484,58,82,1,1
final,tworoom,86604,69,7501,13,37,0,1
final,tworoom,86604,70,7546,33,57,1,1
final,tworoom,86604,71,7610,43,67,1,1
final,tworoom,86604,72,7659,59,83,0,0
final,tworoom,86604,73,7664,73,97,0,1
final,tworoom,86604,74,7676,22,46,0,1
final,tworoom,86604,75,7793,75,99,1,1
final,tworoom,86604,76,7880,9,33,1,1
final,tworoom,86604,77,8062,50,74,1,1
final,tworoom,86604,78,8129,7,31,1,1
final,tworoom,86604,79,8210,9,33,1,1
final,tworoom,86604,80,8355,23,47,1,1
final,tworoom,86604,81,8358,17,41,1,1
final,tworoom,86604,82,8374,42,66,1,1
final,tworoom,86604,83,8557,47,71,1,1
final,tworoom,86604,84,8560,10,34,1,1
final,tworoom,86604,85,8567,47,71,1,1
final,tworoom,86604,86,8791,72,96,1,1
final,tworoom,86604,87,8806,54,78,1,1
final,tworoom,86604,88,8894,53,77,1,1
final,tworoom,86604,89,8972,12,36,1,1
final,tworoom,86604,90,8992,8,32,0,1
final,tworoom,86604,91,9118,24,48,1,1
final,tworoom,86604,92,9136,61,85,1,1
final,tworoom,86604,93,9201,57,81,1,1
final,tworoom,86604,94,9249,35,59,1,1
final,tworoom,86604,95,9268,5,29,1,1
final,tworoom,86604,96,9448,17,41,1,1
final,tworoom,86604,97,9530,29,53,1,1
final,tworoom,86604,98,9582,2,26,0,1
final,tworoom,86604,99,9761,8,32,1,1
final,tworoom,91943,0,119,45,69,0,0
final,tworoom,91943,1,188,20,44,1,1
final,tworoom,91943,2,565,16,40,1,1
final,tworoom,91943,3,620,61,85,1,1
final,tworoom,91943,4,627,0,24,1,1
final,tworoom,91943,5,675,43,67,1,1
final,tworoom,91943,6,772,13,37,0,1
final,tworoom,91943,7,873,55,79,1,1
final,tworoom,91943,8,1315,67,91,1,1
final,tworoom,91943,9,2048,56,80,1,1
final,tworoom,91943,10,2102,12,36,0,0
final,tworoom,91943,11,2135,45,69,1,1
final,tworoom,91943,12,2263,1,25,1,1
final,tworoom,91943,13,2634,6,30,0,1
final,tworoom,91943,14,2744,49,73,1,1
final,tworoom,91943,15,2789,37,61,1,1
final,tworoom,91943,16,2978,41,65,1,1
final,tworoom,91943,17,3002,32,56,1,1
final,tworoom,91943,18,3047,19,43,1,1
final,tworoom,91943,19,3148,48,72,1,1
final,tworoom,91943,20,3315,59,83,1,1
final,tworoom,91943,21,3320,16,40,1,1
final,tworoom,91943,22,3374,36,60,1,1
final,tworoom,91943,23,3551,14,38,0,1
final,tworoom,91943,24,3886,36,60,1,1
final,tworoom,91943,25,3971,40,64,1,1
final,tworoom,91943,26,4247,11,35,0,1
final,tworoom,91943,27,4261,38,62,1,1
final,tworoom,91943,28,4292,37,61,1,1
final,tworoom,91943,29,4412,15,39,0,1
final,tworoom,91943,30,4465,35,59,1,1
final,tworoom,91943,31,4621,40,64,1,1
final,tworoom,91943,32,4689,20,44,1,1
final,tworoom,91943,33,4771,8,32,1,1
final,tworoom,91943,34,4911,19,43,1,1
final,tworoom,91943,35,4951,61,85,1,1
final,tworoom,91943,36,4983,49,73,1,1
final,tworoom,91943,37,5049,27,51,1,1
final,tworoom,91943,38,5062,13,37,1,1
final,tworoom,91943,39,5146,61,85,1,1
final,tworoom,91943,40,5158,72,96,1,1
final,tworoom,91943,41,5227,7,31,1,1
final,tworoom,91943,42,5255,6,30,1,1
final,tworoom,91943,43,5347,28,52,1,1
final,tworoom,91943,44,5422,37,61,1,1
final,tworoom,91943,45,5442,61,85,0,0
final,tworoom,91943,46,5446,15,39,1,1
final,tworoom,91943,47,5450,7,31,1,1
final,tworoom,91943,48,5604,50,74,1,1
final,tworoom,91943,49,6049,8,32,0,1
final,tworoom,91943,50,6095,21,45,1,1
final,tworoom,91943,51,6124,72,96,1,1
final,tworoom,91943,52,6221,10,34,1,1
final,tworoom,91943,53,6282,23,47,0,1
final,tworoom,91943,54,6309,28,52,1,1
final,tworoom,91943,55,6328,44,68,1,1
final,tworoom,91943,56,6352,67,91,1,1
final,tworoom,91943,57,6408,53,77,1,1
final,tworoom,91943,58,6443,7,31,0,1
final,tworoom,91943,59,6741,45,69,1,1
final,tworoom,91943,60,6824,16,40,1,1
final,tworoom,91943,61,6884,72,96,1,1
final,tworoom,91943,62,6888,30,54,1,1
final,tworoom,91943,63,7001,70,94,1,1
final,tworoom,91943,64,7120,47,71,1,1
final,tworoom,91943,65,7197,23,47,1,1
final,tworoom,91943,66,7374,22,46,1,1
final,tworoom,91943,67,7417,32,56,1,1
final,tworoom,91943,68,7486,56,80,1,1
final,tworoom,91943,69,7572,30,54,1,1
final,tworoom,91943,70,7617,53,77,0,0
final,tworoom,91943,71,7663,42,66,1,1
final,tworoom,91943,72,7760,24,48,1,1
final,tworoom,91943,73,7834,32,56,1,1
final,tworoom,91943,74,7944,30,54,1,1
final,tworoom,91943,75,8075,46,70,1,1
final,tworoom,91943,76,8075,66,90,1,1
final,tworoom,91943,77,8127,69,93,1,1
final,tworoom,91943,78,8132,12,36,0,1
final,tworoom,91943,79,8191,14,38,0,0
final,tworoom,91943,80,8230,66,90,1,1
final,tworoom,91943,81,8353,75,99,0,0
final,tworoom,91943,82,8539,41,65,1,1
final,tworoom,91943,83,8561,7,31,1,1
final,tworoom,91943,84,8648,44,68,1,1
final,tworoom,91943,85,8693,49,73,1,1
final,tworoom,91943,86,8803,13,37,1,1
final,tworoom,91943,87,8868,68,92,1,1
final,tworoom,91943,88,8880,11,35,0,1
final,tworoom,91943,89,8944,62,86,1,1
final,tworoom,91943,90,9057,42,66,1,1
final,tworoom,91943,91,9140,54,78,1,1
final,tworoom,91943,92,9278,28,52,1,1
final,tworoom,91943,93,9588,43,67,1,1
final,tworoom,91943,94,9736,41,65,1,1
final,tworoom,91943,95,9749,20,44,1,1
final,tworoom,91943,96,9942,63,87,0,1
final,tworoom,91943,97,9965,48,72,1,1
final,tworoom,91943,98,9967,10,34,0,1
final,tworoom,91943,99,9968,5,29,1,1
