{"train/loss": 0.196412213337351, "_timestamp": 1744874966.2063122, "val/loss": 0.13205103094798404, "_runtime": 33.222177267074585, "_step": 2, "_wandb": {"runtime": 32}}