{"train/loss": 0.9626454909642538, "_timestamp": 1744883323.7864783, "val/loss": 0.7614185214042664, "_runtime": 50.276230335235596, "_step": 4, "_wandb": {"runtime": 52}}