{"train/loss": 0.7006557211191488, "_timestamp": 1744898930.7633717, "val/loss": 0.696194052696228, "_runtime": 15397.268130779266, "_step": 50, "_wandb": {"runtime": 15397}}