{"train/loss": 0.33239195103357944, "_timestamp": 1744875194.839741, "val/loss": 0.185879552449356, "_runtime": 30.84680199623108, "_step": 2, "_wandb": {"runtime": 30}}