{"train/loss": 0.006435338792196194, "_timestamp": 1745709636.1085308, "val/loss": 0.005260423757135868, "_runtime": 1500.1740057468414, "_step": 41, "_wandb": {"runtime": 1511}}