{"train/loss": 0.25947002623052823, "_timestamp": 1745688260.2440097, "val/loss": 0.29181107878685, "_runtime": 3297.1001687049866, "_step": 100, "_wandb": {"runtime": 3296}}