{"train/loss": 0.03620523329701418, "_timestamp": 1746428621.1122177, "val/loss": 0.014306206891143864, "_runtime": 9856.875956773758, "_step": 2, "_wandb": {"runtime": 12101}}