{"train/loss": 0.17110609140057684, "_timestamp": 1744874821.8485725, "val/loss": 0.10538115435176426, "_runtime": 31.559502601623535, "_step": 2, "_wandb": {"runtime": 31}}