{"train/loss": 0.7308665350789115, "_timestamp": 1744916993.8242972, "val/loss": 0.7395865519841512, "_runtime": 3231.182209253311, "_step": 100, "_wandb": {"runtime": 3230}}