{"train/loss": 0.17468310566963974, "_timestamp": 1744875624.3221643, "val/loss": 0.12194006801391505, "_runtime": 35.297213315963745, "_step": 2, "_wandb": {"runtime": 35}}