{"train/loss": 0.4329060308904533, "_timestamp": 1745270259.7489583, "val/loss": 0.4383567174275716, "_runtime": 2760.190310239792, "_step": 100, "_wandb": {"runtime": 2759}}