{"train/loss": 0.4171458496603855, "_timestamp": 1745180098.9780812, "val/loss": 0.4015161097049713, "_runtime": 3246.657020330429, "_step": 100, "_wandb": {"runtime": 3246}}