{"train/loss": 0.7828574975331625, "_timestamp": 1744883781.1034873, "val/loss": 0.7570261557896932, "_runtime": 311.2877233028412, "_step": 50, "_wandb": {"runtime": 311}}