{"train/loss": 0.1478040182154696, "_timestamp": 1744875252.2537916, "val/loss": 0.09936801816064228, "_runtime": 29.818495512008667, "_step": 2, "_wandb": {"runtime": 29}}