{"train/loss": 0.3863812202499026, "_timestamp": 1745483471.856648, "val/loss": 0.35196106632550556, "_runtime": 3378.909903049469, "_step": 100, "_wandb": {"runtime": 3378}}